1,2,3,4,5,6,7,8,9,10,11,12,13,14,15,16,17,18,19,20,21,22,23,24,25,26,27,28,29,30,31,32,33,34,35,36,37,38,39,40,41,42,43,44,45,46,47,48,49,50,51,52,53,54,55,56,57,58,59,60,61,62,63,64,65,66,67,68,69,70,71,72,73,74,75,76,77,78,79,80,81,82,83,84,85,86,87,88,89,90,91,92,93,94,95,96,97,98,99,100,101,102,103,104,105,106,107,108,109,110,111,112,113,114,115,116,117,118,119,120,121,122,123,124,125,126,127,128,129,130,131,132,133,134,135,136
0.0764105,0.0289153,0.0566342,0.00348497,0.0558299,0.0285663,0.0764816,0.00483187,0.0769563,0.0391271,0.0916339,0.00596024,0.0946193,0.0386293,0.0729248,0.00479393,0.129266,0.0684508,0.118739,0.00779863,0.125884,0.0571936,0.0984662,0.00787458,0.174467,0.0775969,0.109343,0.00745346,0.121748,0.0720316,0.150368,0.010843,0.204586,0.102717,0.187108,0.0147112,0.204586,0.129992,0.204586,0.0148322,0.139302,0.0727621,0.16166,0.0113866,0.184182,0.0906596,0.154387,0.00867181,0.0804798,0.0443042,0.102588,0.00634995,0.100193,0.0536424,0.102497,0.00517669,0.078715,0.0355126,0.0790699,0.00516677,0.0831165,0.0381606,0.0802327,0.00491212,0.120567,0.0722484,0.161081,0.00741653,0.114556,0.0404372,0.100247,0.00739831,0.0947594,0.052229,0.109121,0.00732143,0.11707,0.0478863,0.0776845,0.00580001,0.0922101,0.0413243,0.0778921,0.00604833,0.0988019,0.0635485,0.118,0.00590399,0.105398,0.0620248,0.0944836,0.00527849,0.0844379,0.0467978,0.0834473,0.00645716,0.147665,0.0680381,0.140601,0.00918824,0.147583,0.0807678,0.167432,0.00935891,0.0706218,0.0378634,0.101317,0.00821423,0.133253,0.057311,0.0795507,0.00435398,0.0569305,0.0265591,0.0466577,0.00322713,0.0525727,0.0287699,0.0556609,0.00354198,0.0769456,0.0437373,0.0966568,0.00617602,0.0991743,0.0533937,0.0947191,0.00484172,0.0538952,0.0255476,0.0527962,0.00395406,0.0651488,0.0396228,0.0711186,0.00339781
0.0968192,0.0414068,0.0825152,0.00708866,0.117266,0.0709041,0.12405,0.00612893,0.200863,0.0704547,0.1053,0.00767544,0.126203,0.0734305,0.190309,0.0128856,0.129153,0.0733966,0.112436,0.00784971,0.127537,0.0706803,0.108345,0.00792058,0.143089,0.0831893,0.149401,0.00767474,0.120439,0.0588901,0.120991,0.00884664,0.142072,0.0612129,0.141878,0.0131853,0.200863,0.121927,0.193958,0.00901584,0.142251,0.0787251,0.148544,0.00881314,0.139215,0.0632383,0.119038,0.00881146,0.103206,0.0657909,0.132443,0.00955481,0.155682,0.0762197,0.101881,0.00624433,0.121991,0.054425,0.12244,0.00837823,0.133438,0.0689099,0.14143,0.00781461,0.164794,0.0698286,0.15992,0.0108686,0.173991,0.0750425,0.161679,0.0103324,0.0764934,0.0378789,0.0803089,0.00601075,0.0964961,0.0443794,0.0739656,0.00478165,0.0920058,0.0425929,0.0645838,0.00411652,0.0661868,0.0387839,0.0823989,0.00576248,0.0620554,0.034664,0.0562936,0.00318508,0.0505068,0.023984,0.0454007,0.00380478,0.0725523,0.0450973,0.101246,0.00522552,0.0814161,0.0264839,0.0532701,0.00440185,0.0699914,0.0369179,0.0873938,0.00506947,0.0805362,0.0305501,0.0634684,0.00429438,0.0302298,0.0182873,0.0410693,0.00297879,0.0487201,0.0252609,0.0372323,0.00185515,0.0612089,0.0299224,0.0765378,0.0047393,0.0741155,0.0337438,0.0716611,0.00394139,0.0853912,0.0507032,0.112345,0.00641718,0.100453,0.0338008,0.0617664,0.00520874
0.0585531,0.0245956,0.0480888,0.00296012,0.0471354,0.0247356,0.0598007,0.00371168,0.105216,0.0627354,0.0968889,0.00397285,0.0629108,0.0437226,0.0992425,0.006504,0.104824,0.0353399,0.0651548,0.00721036,0.117309,0.0541468,0.0921886,0.00663468,0.0618578,0.0657254,0.202693,0.0108445,0.164313,0.0390256,0.0441338,0.00377011,0.140491,0.0847884,0.199623,0.0136862,0.203336,0.12116,0.197699,0.00901344,0.138661,0.050252,0.0889141,0.00710198,0.121541,0.111747,0.203336,0.0090245,0.0917321,0.046598,0.0722113,0.00271984,0.044063,0.0387125,0.103311,0.00574768,0.122664,0.0424689,0.126755,0.00726387,0.113295,0.0474451,0.14658,0.00794365,0.0896336,0.0607541,0.194562,0.0146586,0.203336,0.0801721,0.0916746,0.00547517,0.124452,0.0460257,0.0964004,0.00762054,0.121157,0.0583625,0.125618,0.00799703,0.0812665,0.0340985,0.0602501,0.0058133,0.0946469,0.0467554,0.0734655,0.00509898,0.071113,0.0360449,0.129508,0.00798251,0.125005,0.0546964,0.114808,0.00468582,0.133067,0.0553641,0.103968,0.00742953,0.121486,0.0731715,0.152967,0.00842112,0.110492,0.0468589,0.0548968,0.00526268,0.0856699,0.0415432,0.0685493,0.00682363,0.0339787,0.015287,0.0476821,0.00451501,0.0726748,0.0299188,0.0397316,0.00216397,0.130727,0.0622925,0.0970862,0.00704017,0.11489,0.0748611,0.139333,0.00824326,0.074301,0.0448869,0.0889841,0.00459759,0.0737067,0.0399356,0.0791744,0.00457234
0.0631224,0.0443402,0.104068,0.00481675,0.0755489,0.0511262,0.1059,0.00408886,0.0803948,0.0589978,0.159532,0.0126738,0.20203,0.0934184,0.108846,0.00504295,0.0968401,0.0487472,0.150304,0.0111458,0.175251,0.0687649,0.113956,0.00625677,0.116099,0.0502941,0.123903,0.00655748,0.104343,0.054019,0.143486,0.0073778,0.161165,0.0728894,0.150085,0.0108566,0.175985,0.0749369,0.139567,0.00991002,0.154686,0.0471797,0.0889238,0.00706023,0.115174,0.0592864,0.153876,0.00981197,0.15553,0.0758012,0.0955191,0.00532859,0.0864565,0.062295,0.136212,0.009689,0.14256,0.0540981,0.0740835,0.00716877,0.125804,0.125786,0.20203,0.00919969,0.138555,0.0712814,0.197049,0.0131052,0.20203,0.0859337,0.158615,0.00874989,0.114491,0.0493648,0.0954199,0.00617008,0.0955172,0.0294722,0.0725933,0.00715775,0.105087,0.0511476,0.0493634,0.00293739,0.0490341,0.0501087,0.103234,0.00660466,0.0591663,0.0234489,0.039296,0.00351943,0.0569773,0.0204381,0.0351582,0.00362408,0.115852,0.0247528,0.0329824,0.0033223,0.055001,0.0384881,0.122695,0.00749641,0.0596656,0.0215395,0.0538138,0.0038606,0.063109,0.03792,0.0847905,0.00384713,0.0260694,0.020545,0.0459759,0.00287802,0.0464466,0.0292474,0.0438849,0.00165291,0.0817419,0.0384464,0.0641505,0.00251907,0.039846,0.0350749,0.0989619,0.00522641,0.0931228,0.069636,0.149025,0.00673286,0.105276,0.0454133,0.0859729,0.00562038
0,0,0,0,0,0,0,0,0.203524,0.12096,0.154237,0.00264365,0.0364887,0.0513015,0.1749,0.0127078,0.0865304,0.0263784,0.032644,0.00376522,0.0613164,0.0298937,0.0652447,0.00546654,0.0717509,0.0128199,0.040764,0.00366892,0.0641949,0.0632472,0.154282,0.00481971,0.0595733,0.0449048,0.194921,0.0133155,0.209532,0.0757595,0.109797,0.00386891,0.0248348,0.0242872,0.170343,0.0117556,0.183726,0.0455544,0.0561406,0.00159806,0.0318163,0.0142791,0.0583649,0.00539305,0.0924769,0.0559053,0.085173,0.00195013,0.210707,0.0257089,0.0727821,0.0126352,0.209683,0.0897169,0.210707,0.0149804,0.210707,0.210707,0.210707,0.00603626,0.0883508,0.025504,0.0811283,0.0133618,0.205957,0.0668811,0.127772,0.00312731,0.0449377,0.0447204,0.210707,0.013413,0.016725,0.00177835,0.00219481,0.000219364,0.00964977,0.0521273,0.115068,0.00133757,0.0888427,0.0286263,0.0193854,0.0025928,0.0464164,0.0454269,0.0971144,0.00559683,0.0473782,0.0186705,0.0249038,0.00289245,0.0489197,0.0323263,0.0520572,0.0029685,0.0562107,0.0295311,0.0486633,0.00496429,0.0836721,0.0656614,0.0971221,0.00363005,0.0448108,0.0276416,0.0554615,0.00173487,0.0276322,0.0377312,0.0938412,0.00299388,0.149414,0.114403,0.210707,0.00991063,0.146984,0.0458201,0.0735664,0.00917989,0.0476603,0.0217064,0.0521788,0.00579872,0.0961369,0.0489298,0.0609062,0.00296889
0.0728399,0.0394112,0.0901502,0.00599524,0.096102,0.0357336,0.0591605,0.00441999,0.111781,0.0502113,0.112209,0.00641183,0.10094,0.0560789,0.13538,0.00719991,0.177477,0.102163,0.1958,0.0103071,0.158529,0.0537849,0.113091,0.0109233,0.091757,0.0488262,0.0945109,0.00744053,0.121329,0.0687154,0.106732,0.00575687,0.144622,0.0523653,0.1301,0.0102657,0.165946,0.0916754,0.191378,0.00937578,0.128225,0.0569807,0.0939726,0.00657104,0.106074,0.0604909,0.1235,0.0080712,0.11765,0.0425199,0.100939,0.0092866,0.149545,0.0666764,0.119804,0.00750578,0.0705543,0.0293663,0.053131,0.00250268,0.0384098,0.018168,0.0617447,0.00446809,0.0659996,0.0486877,0.105682,0.00506001,0.0794497,0.0357881,0.0651258,0.00400935,0.100232,0.0525949,0.0937443,0.00671875,0.110708,0.0654013,0.110178,0.0061971,0.17889,0.0865594,0.180591,0.010979,0.173371,0.0861814,0.185316,0.0113366,0.0711663,0.0327007,0.0729127,0.00500014,0.0781599,0.0287852,0.0576917,0.00449008,0.132233,0.0664315,0.119103,0.00688222,0.11056,0.0518857,0.110211,0.00811659,0.0435767,0.0210761,0.0467955,0.00408833,0.066325,0.0338965,0.0509865,0.00276099,0.0541056,0.0360089,0.0850733,0.00632524,0.100513,0.052323,0.0729461,0.00348964,0.158139,0.0467548,0.038863,0.00178204,0.0281566,0.0200342,0.112698,0.00997048,0.106273,0.0926707,0.200882,0.00926721,0.139829,0.0489848,0.0964313,0.00649664
0.0727867,0.0393824,0.0900844,0.00599087,0.0960319,0.0357076,0.0591173,0.00441676,0.110242,0.0522079,0.109077,0.00615895,0.0970107,0.0534301,0.124876,0.00704365,0.177947,0.101316,0.198707,0.0105478,0.162269,0.0563535,0.119906,0.0109936,0.0982008,0.049563,0.0944419,0.0069953,0.113402,0.0628955,0.107256,0.00617017,0.140252,0.0471075,0.123302,0.010698,0.173663,0.0973782,0.195524,0.00915666,0.127872,0.0587951,0.0980638,0.00638556,0.102952,0.0589668,0.123344,0.00802416,0.122088,0.0458524,0.103409,0.00931881,0.149546,0.064183,0.114469,0.00775373,0.0696434,0.0293448,0.0530922,0.00264254,0.0413153,0.0205352,0.0629086,0.00438834,0.0611582,0.0466189,0.105605,0.00505631,0.0793917,0.0373061,0.0678023,0.00373811,0.0934845,0.0516386,0.0964327,0.00719047,0.118353,0.0708201,0.11187,0.00580645,0.180346,0.0858104,0.180459,0.010971,0.173244,0.0861184,0.188207,0.0114413,0.0770434,0.0341747,0.0696152,0.00479667,0.0750807,0.0287642,0.0602089,0.00485531,0.132136,0.0664887,0.12226,0.00699242,0.11154,0.0484441,0.10494,0.00811066,0.0435449,0.0210607,0.0459534,0.00389358,0.063676,0.035489,0.0561402,0.00275897,0.0540661,0.0359635,0.0845048,0.00650579,0.103606,0.0540132,0.0728928,0.00348709,0.150493,0.0425465,0.0388686,0.00187192,0.0295324,0.0200777,0.112615,0.00952312,0.112886,0.0967963,0.200812,0.00878382,0.132001,0.0434824,0.0890027,0.00683653
0.0907673,0.0359122,0.0948341,0.00876602,0.140766,0.0558923,0.0868194,0.00574222,0.172371,0.0838795,0.139833,0.00908591,0.148664,0.0828342,0.161344,0.0106291,0.110937,0.0638919,0.1502,0.0101491,0.164906,0.0838687,0.138209,0.00686462,0.10698,0.0505449,0.147451,0.00949079,0.147439,0.055755,0.11794,0.00690164,0.181631,0.075213,0.132885,0.00972529,0.156765,0.0805112,0.168884,0.0114269,0.109413,0.05247,0.0997437,0.00555053,0.0876604,0.0476123,0.111289,0.00691585,0.117171,0.0552634,0.0786953,0.0064717,0.106843,0.0602502,0.0995013,0.00721459,0.0930317,0.0541205,0.16302,0.00976949,0.153725,0.064031,0.123151,0.00591271,0.0790502,0.0424404,0.0762198,0.00555436,0.0908082,0.0519347,0.0844119,0.00490552,0.143796,0.0631916,0.164277,0.0123699,0.198156,0.100966,0.189291,0.00929069,0.180156,0.100786,0.151163,0.00769713,0.120902,0.0423436,0.0876134,0.0108294,0.0467945,0.0156268,0.0311795,0.0028772,0.0487077,0.0404839,0.0814982,0.00307425,0.0467393,0.0315416,0.0619173,0.00339368,0.0554964,0.0310949,0.0522214,0.00281284,0.0434956,0.0251106,0.0438071,0.00243535,0.039228,0.0221629,0.0418807,0.00267731,0.0759056,0.0383165,0.0816086,0.0058231,0.0941408,0.0420608,0.0712411,0.00467428,0.069516,0.0337252,0.0657386,0.00357645,0.0560238,0.0250295,0.0609586,0.00434954,0.0893109,0.0561443,0.0953588,0.00422665,0.0694419,0.0488505,0.0999014,0.00543667
0,0,0,0,0,0,0,0,0.0756032,0.0628755,0.177782,0.0126783,0.2021,0.112134,0.151027,0.0047642,0.13134,0.0577715,0.132585,0.00627177,0.0948752,0.0345236,0.1202,0.00836445,0.059479,0.0756191,0.141522,0.00278786,0.0409137,0.0397978,0.0848159,0.00354193,0.117888,0.051341,0.116056,0.00693603,0.111448,0.0542005,0.128505,0.00739602,0.0841849,0.0347053,0.0796384,0.00465831,0.0786464,0.0494603,0.116182,0.00521354,0.0937658,0.0284833,0.0771687,0.00728611,0.115801,0.0556196,0.112155,0.00619146,0.167242,0.0257274,0.0708447,0.00826533,0.13835,0.0850184,0.2021,0.0109322,0.199792,0.0997902,0.127339,0.00529331,0.0786582,0.0292309,0.100208,0.0123317,0.14794,0.0579513,0.176019,0.012359,0.19736,0.0979048,0.2021,0.00963251,0.0771407,0.0643844,0.145751,0.0080746,0.124865,0.0461862,0.0597865,0.00470452,0.0497275,0.0258416,0.0820722,0.0064696,0.102762,0.0353868,0.0490945,0.00311096,0.0281692,0.0210859,0.0707299,0.00688996,0.109903,0.0306685,0.00913171,0.00164727,0.0643365,0.0149391,0.0263392,0.00264569,0.0429485,0.0325998,0.0848375,0.00427941,0.048836,0.019378,0.0592228,0.00429218,0.0686848,0.0460139,0.0953436,0.00333458,0.1675,0.070575,0.0894928,0.00482491,0.0780218,0.0498107,0.13534,0.010431,0.0519104,0.02386,0.152914,0.0133715,0.2021,0.105691,0.158949,0.00353888
0,0,0,0,0,0,0,0,0.0756032,0.0628755,0.177782,0.0126783,0.2021,0.112134,0.151027,0.0047642,0.13134,0.0577715,0.132585,0.00627177,0.0948752,0.0345236,0.1202,0.00836445,0.059479,0.0756191,0.141522,0.00278786,0.0409137,0.0397978,0.0848159,0.00354193,0.117888,0.051341,0.116056,0.00693603,0.111448,0.0542005,0.128505,0.00739602,0.0841849,0.0347053,0.0796384,0.00465831,0.0786464,0.0494603,0.116182,0.00521354,0.0937658,0.0284833,0.0771687,0.00728611,0.115801,0.0556196,0.112155,0.00619146,0.167242,0.0257274,0.0708447,0.00826533,0.13835,0.0850184,0.2021,0.0109322,0.199792,0.0997902,0.127339,0.00529331,0.0786582,0.0292309,0.100208,0.0123317,0.14794,0.0579513,0.176019,0.012359,0.19736,0.0979048,0.2021,0.00963251,0.0771407,0.0643844,0.145751,0.0080746,0.124865,0.0461862,0.0597865,0.00470452,0.0497275,0.0258416,0.0820722,0.0064696,0.102762,0.0353868,0.0490945,0.00311096,0.0281692,0.0210859,0.0707299,0.00688996,0.109903,0.0306685,0.00913171,0.00164727,0.0643365,0.0149391,0.0263392,0.00264569,0.0429485,0.0325998,0.0848375,0.00427941,0.048836,0.019378,0.0592228,0.00429218,0.0686848,0.0460139,0.0953436,0.00333458,0.1675,0.070575,0.0894928,0.00482491,0.0780218,0.0498107,0.13534,0.010431,0.0519104,0.02386,0.152914,0.0133715,0.2021,0.105691,0.158949,0.00353888
0.0646162,0.0499811,0.113326,0.00475204,0.0728871,0.0275213,0.0578611,0.00391736,0.144809,0.069114,0.112524,0.00665398,0.10746,0.0597353,0.130166,0.00898478,0.151951,0.0759822,0.124722,0.00664161,0.10451,0.0555683,0.129267,0.00949182,0.153797,0.0797612,0.158719,0.00925529,0.146308,0.0762983,0.158932,0.0097021,0.202792,0.116596,0.202792,0.0138629,0.202792,0.0918553,0.183892,0.0137705,0.114743,0.0511363,0.0956786,0.00582893,0.0924503,0.0522133,0.120234,0.00730675,0.0521838,0.0209874,0.0530803,0.00369094,0.0585187,0.0238854,0.052835,0.00331258,0.101376,0.0567139,0.104423,0.0053674,0.0864402,0.0500515,0.105359,0.00626165,0.159324,0.0686158,0.129674,0.00974823,0.156765,0.0815978,0.159511,0.0100848,0.192928,0.0950634,0.159617,0.0100275,0.162596,0.087302,0.17364,0.0119185,0.0771074,0.0421495,0.110707,0.0075046,0.119492,0.0500425,0.084908,0.00482387,0.0729529,0.0313466,0.0545266,0.00373986,0.060326,0.0311734,0.0667895,0.00456676,0.145022,0.0706122,0.102999,0.00441603,0.0712083,0.0538666,0.141626,0.00904563,0.0219382,0.0144666,0.0382786,0.00213763,0.0332842,0.0109403,0.0195229,0.00134682,0.0262231,0.0132419,0.0321102,0.00223067,0.0357869,0.0178144,0.0321546,0.00166202,0.0869131,0.0502702,0.0852219,0.00546605,0.0875941,0.0416175,0.0663591,0.00530901,0.0689084,0.0304421,0.0563945,0.00400614,0.065609,0.0417949,0.0835495,0.00437018
0.0646474,0.0555125,0.127109,0.00631382,0.101828,0.05937,0.0980332,0.00392239,0.16554,0.100096,0.155719,0.00536231,0.0836155,0.0469389,0.125946,0.0100518,0.119455,0.0276792,0.0929153,0.00850885,0.140128,0.0808737,0.184019,0.0078419,0.0859083,0.0451966,0.12588,0.00793269,0.126324,0.0437418,0.0824074,0.00525992,0.149285,0.0844671,0.141823,0.00949165,0.152569,0.070834,0.109892,0.00909905,0.103159,0.0306531,0.0853946,0.00471507,0.0742647,0.0408175,0.135648,0.00674439,0.0594791,0.0361024,0.103362,0.00620948,0.0986447,0.0382286,0.0686645,0.00366526,0.112474,0.0583459,0.0872863,0.00501728,0.0841932,0.0562658,0.111196,0.00684733,0.171949,0.0907545,0.187058,0.010229,0.161649,0.0746422,0.1635,0.0106962,0.120754,0.0581347,0.132968,0.00818666,0.129046,0.0817724,0.174346,0.00794904,0.0507512,0.0305797,0.0525418,0.00269245,0.0422607,0.0223295,0.0436963,0.00314289,0.0657754,0.0394032,0.0714606,0.00314026,0.0494748,0.0226609,0.0525807,0.0039933,0.0693347,0.0335281,0.0740504,0.00547371,0.0876035,0.0402972,0.0700053,0.00436195,0.0461623,0.0269131,0.0565622,0.00506443,0.0834395,0.0453496,0.0580254,0.00285595,0.0348508,0.0214993,0.0333931,0.00192083,0.0311601,0.0215273,0.0371427,0.00216354,0.0553374,0.0166518,0.0300689,0.00309786,0.0508231,0.0325994,0.0680938,0.00360132,0.2038,0.169365,0.2038,0.0127291,0.2038,0.131311,0.19604,0.0159303
0.0337846,0.0233055,0.0439924,0.001776,0.0278359,0.0217155,0.0466,0.00214598,0.221251,0.0517589,0.0662524,0.00700757,0.12382,0.171564,0.221251,0.0153019,0.05714,0.0238417,0.0582658,0.00492614,0.0799627,0.0451437,0.0802048,0.00370402,0.096235,0.0433347,0.0953058,0.00699645,0.112586,0.0576853,0.109109,0.00610904,0.102236,0.0552265,0.13166,0.00851547,0.137265,0.0650656,0.117305,0.00634298,0.0981515,0.0519066,0.0909476,0.00362163,0.0556501,0.0306201,0.0887198,0.00613616,0.0897668,0.0334455,0.0721637,0.00451487,0.0710384,0.0277846,0.0789968,0.00567118,0.153116,0.110849,0.208446,0.0103258,0.165803,0.0966151,0.165851,0.009308,0.221251,0.0751465,0.0928652,0.00557745,0.0899362,0.0681207,0.221251,0.0173669,0.170038,0.11209,0.209422,0.00645573,0.0951335,0.0162296,0.0828971,0.0101299,0.144084,0.0565135,0.0620375,0.00346341,0.0559313,0.0361674,0.107437,0.00898782,0.0319541,0.0190024,0.0436158,0.00311217,0.0504474,0.0306376,0.0495714,0.00204885,0.0613442,0.0204187,0.0477458,0.00381879,0.0619707,0.0320327,0.0715235,0.00392842,0.0540112,0.020134,0.0371404,0.00218656,0.0345661,0.0185162,0.0531861,0.00344243,0.0468064,0.0228478,0.0456531,0.0033115,0.0544636,0.0350617,0.0636607,0.00296724,0.163037,0.0270863,0.0397146,0.00251495,0.0422983,0.052469,0.213789,0.0107728,0.212409,0.0193955,0.0379305,0.00285045,0.050013,0.074473,0.221251,0.0142292
0,0,0,0,0,0,0,0,0.232059,0.180261,0.0775329,0.00365167,0.0586136,0.0405513,0.232059,0.0341036,0.0716689,0.0409127,0.083544,0.00959654,0.155818,0.0598687,0.0392272,0.00431696,0.0453482,0.074732,0.177771,0.00683369,0.107796,0.0389639,0.0401642,0.00226874,0.166947,0.109757,0.14197,0.00238021,0.0320731,0.0106811,0.0686575,0.0099506,0.0957037,0.0296277,0.0272384,0.00370828,0.0622766,0.0364602,0.0750225,0.00599197,0.0988321,0.0318298,0.12662,0.0103698,0.163839,0.0432497,0.0856092,0.00624937,0.141084,0.0630762,0.232059,0.0195586,0.232059,0.121175,0.186123,0.00922004,0.232059,0.0752579,0.109575,0.00748085,0.118179,0.0542004,0.213654,0.0169474,0.232059,0.0829636,0.000868425,0,0,0.00130158,0.0932761,0.0162757,0.211262,0.0412403,0.0278211,0.00113053,0.0175601,0.0116263,0.159295,0.0134656,0.0222296,0.0115653,0.0602004,0.00326855,0.0506126,0.0309528,0.072556,0.00165645,0.0220272,0.0130801,0.0207473,0.00397203,0.0656489,0.0261001,0.00448433,0.00127662,0.0095542,0.0366019,0.0950232,0.00217947,0.0276662,0,0,0.000514992,0.0825608,0.0631363,0.0813855,0.00249666,0.0377425,0.0254292,0.0469703,0.00495016,0.0606346,0.00364381,0.0416907,0.00766787,0.126894,0.0551449,0.08365,0.0039855,0.113616,0.0112735,0.0422222,0.00567688,0.0942664,0.0634179,0.171143,0.00762441
0,0,0,0,0,0,0,0,0.232059,0.180261,0.0775329,0.00365167,0.0586136,0.0405513,0.232059,0.0341036,0.0716689,0.0409127,0.083544,0.00959654,0.155818,0.0598687,0.0392272,0.00431696,0.0453482,0.074732,0.177771,0.00683369,0.107796,0.0389639,0.0401642,0.00226874,0.166947,0.109757,0.14197,0.00238021,0.0320731,0.0106811,0.0686575,0.0099506,0.0957037,0.0296277,0.0272384,0.00370828,0.0622766,0.0364602,0.0750225,0.00599197,0.0988321,0.0318298,0.12662,0.0103698,0.163839,0.0432497,0.0856092,0.00624937,0.141084,0.0630762,0.232059,0.0195586,0.232059,0.121175,0.186123,0.00922004,0.232059,0.0752579,0.109575,0.00748085,0.118179,0.0542004,0.213654,0.0169474,0.232059,0.0829636,0.000868425,0,0,0.00130158,0.0932761,0.0162757,0.211262,0.0412403,0.0278211,0.00113053,0.0175601,0.0116263,0.159295,0.0134656,0.0222296,0.0115653,0.0602004,0.00326855,0.0506126,0.0309528,0.072556,0.00165645,0.0220272,0.0130801,0.0207473,0.00397203,0.0656489,0.0261001,0.00448433,0.00127662,0.0095542,0.0366019,0.0950232,0.00217947,0.0276662,0,0,0.000514992,0.0825608,0.0631363,0.0813855,0.00249666,0.0377425,0.0254292,0.0469703,0.00495016,0.0606346,0.00364381,0.0416907,0.00766787,0.126894,0.0551449,0.08365,0.0039855,0.113616,0.0112735,0.0422222,0.00567688,0.0942664,0.0634179,0.171143,0.00762441
0.0542323,0.0287851,0.0657268,0.00395559,0.0632985,0.0355827,0.0709445,0.0034485,0.0635012,0.0353834,0.0755856,0.00440601,0.0698051,0.0305898,0.0592091,0.00392984,0.0625384,0.029699,0.0637637,0.00434134,0.0698413,0.0344946,0.0665378,0.00392405,0.0992681,0.0612824,0.135326,0.00893624,0.142692,0.0647028,0.0990893,0.00612919,0.215751,0.115915,0.215751,0.0196139,0.215751,0.14913,0.215751,0.0157354,0.115854,0.0554545,0.107314,0.00699243,0.113587,0.0598352,0.118786,0.00719816,0.0620213,0.0502353,0.113051,0.00443044,0.0671798,0.0229725,0.0506049,0.00373778,0.0798118,0.0416533,0.0746707,0.00472316,0.0763819,0.0349155,0.0639425,0.00486092,0.115587,0.0617416,0.118871,0.00696385,0.111389,0.0583679,0.115979,0.00719566,0.125532,0.0582264,0.105372,0.00614653,0.0989768,0.0569418,0.129228,0.00787359,0.0719662,0.0331673,0.0473525,0.00225666,0.0364787,0.0252772,0.0662608,0.00448453,0.0746234,0.0314102,0.0553446,0.00356436,0.0566358,0.0282434,0.0666779,0.00470441,0.215751,0.103584,0.215751,0.0142195,0.215751,0.121998,0.215751,0.0136287,0.0767879,0.0371071,0.0742868,0.00490525,0.0782894,0.0438641,0.0869838,0.00489438,0.068307,0.0350131,0.0613497,0.00378903,0.0606059,0.0331451,0.0651255,0.00427047,0.115273,0.0273516,0.0591229,0.00585252,0.0984153,0.0875788,0.202536,0.00774134,0.0971855,0.0495957,0.116867,0.00799423,0.127253,0.0529044,0.093752,0.00606279
0.111801,0.0504553,0.135658,0.0093605,0.147039,0.0533188,0.106437,0.00708377,0.0851786,0.0506063,0.102599,0.00587335,0.0925504,0.0431275,0.0795124,0.00529219,0.0616902,0.0323953,0.0686072,0.00497778,0.0805665,0.0404431,0.0666416,0.00384274,0.165093,0.0740815,0.149277,0.0102913,0.165106,0.0856824,0.173642,0.0104411,0.204387,0.112311,0.204724,0.0144141,0.204724,0.124116,0.204724,0.0127979,0.199289,0.0929544,0.201494,0.0131362,0.204724,0.104741,0.204724,0.0126033,0.0919595,0.0434412,0.0878071,0.005241,0.0842981,0.0437191,0.0960523,0.0057477,0.107244,0.0665516,0.13081,0.0061302,0.0965815,0.0444323,0.0949939,0.00654321,0.0699102,0.039097,0.0791338,0.00501358,0.0814764,0.050977,0.0925308,0.00440831,0.0552479,0.024756,0.0417874,0.00266115,0.0435652,0.0318461,0.0683684,0.00352034,0.0648555,0.0299704,0.0505375,0.00254899,0.0401309,0.0220811,0.0586844,0.00407011,0.087264,0.0496047,0.102688,0.00592187,0.0946803,0.0482987,0.0925271,0.00541793,0.0877851,0.0476086,0.0867102,0.00612531,0.100672,0.0562777,0.0920397,0.00539164,0.1273,0.0552668,0.100544,0.00635912,0.102712,0.0626378,0.140621,0.00806939,0.0578927,0.030477,0.0732112,0.00489875,0.0784986,0.0439418,0.0808987,0.00372045,0.0519101,0.0306235,0.0756127,0.00527017,0.0838942,0.0341618,0.0510636,0.00321586,0.0882268,0.0393348,0.0829205,0.00562707,0.090864,0.048214,0.0989411,0.00556917
0.111945,0.0505202,0.135832,0.00937254,0.147228,0.0533873,0.106573,0.00709288,0.0848723,0.0489381,0.0995928,0.00614179,0.0973264,0.0444487,0.077705,0.00526571,0.0658367,0.0351689,0.0707185,0.0046932,0.0756161,0.0379013,0.0666807,0.00408651,0.166074,0.0740745,0.151966,0.0107965,0.173745,0.0898239,0.177389,0.0104972,0.204955,0.112552,0.204955,0.0141245,0.204955,0.120406,0.204955,0.0134624,0.188878,0.0911081,0.195912,0.0129739,0.204955,0.106599,0.204955,0.0119457,0.0928514,0.0441499,0.0896208,0.00527623,0.0848435,0.0419287,0.0929612,0.00577323,0.104287,0.0655056,0.126851,0.00601114,0.0949917,0.0473311,0.0979563,0.00638558,0.0690915,0.040599,0.0847366,0.00514396,0.0831012,0.0494906,0.0894107,0.00433944,0.0593392,0.0243143,0.0414316,0.00266457,0.0436212,0.0322693,0.0738653,0.00379996,0.0585509,0.0291041,0.0523809,0.00269458,0.0423903,0.0231816,0.0560967,0.00367889,0.0894398,0.049984,0.101237,0.00584461,0.0936792,0.0479697,0.092765,0.00554007,0.08541,0.0477413,0.0883293,0.00616339,0.101093,0.0560449,0.0900944,0.00524135,0.127745,0.0550608,0.101249,0.00643282,0.103869,0.0643717,0.14469,0.00812155,0.0597739,0.0328562,0.0775874,0.00493905,0.0786636,0.0415866,0.0770428,0.00381199,0.050114,0.0286894,0.0709202,0.00524203,0.0841066,0.0354752,0.0511865,0.00309798,0.0909071,0.0402871,0.0816651,0.00548204,0.0884111,0.0470065,0.0982806,0.00573318
0.101183,0.0445692,0.104786,0.00673407,0.108983,0.0572079,0.123544,0.00638598,0.142191,0.0859742,0.155766,0.00627499,0.0989066,0.0602743,0.145048,0.00878368,0.0920898,0.0473034,0.135592,0.0112889,0.180666,0.0814239,0.118712,0.00591544,0.119472,0.062646,0.0941604,0.00600261,0.0964721,0.0488065,0.0880793,0.00733323,0.0785901,0.0346909,0.0819606,0.00684911,0.110655,0.056131,0.094948,0.00502192,0.0719918,0.0544445,0.182505,0.00970445,0.148674,0.0480089,0.0922994,0.00458552,0.180559,0.0982832,0.187993,0.0100232,0.156597,0.0669944,0.146208,0.0111905,0.159928,0.0693164,0.160495,0.00754457,0.115729,0.0354845,0.133603,0.0100077,0.204259,0.0940278,0.193424,0.0137814,0.204259,0.108452,0.204259,0.0151881,0.0642477,0.0307633,0.0465932,0.00338593,0.0554514,0.0356141,0.0655824,0.00402651,0.0790811,0.0418235,0.0827149,0.00478377,0.0771719,0.0430118,0.087121,0.00492456,0.0666703,0.0229119,0.0354181,0.0019407,0.031844,0.0191811,0.0624047,0.00417914,0.0357509,0.0190095,0.0486374,0.00327563,0.0522905,0.0264265,0.0476831,0.00228584,0.0665749,0.035268,0.0623133,0.00485976,0.078372,0.040166,0.0608083,0.00414869,0.120358,0.0819325,0.164925,0.00776448,0.118671,0.0400691,0.0786447,0.0073318,0.0510736,0.0331879,0.079382,0.00469275,0.0722993,0.0282207,0.0477188,0.00323447,0.12328,0.0373037,0.0468676,0.00394238,0.0640684,0.0445842,0.121377,0.00792501
0.101278,0.0446112,0.104884,0.00674041,0.109085,0.0572618,0.12366,0.00639199,0.121422,0.0743785,0.151662,0.00631601,0.0992898,0.0608387,0.145342,0.00759353,0.106098,0.0527804,0.132829,0.011899,0.191232,0.0861626,0.11784,0.00674195,0.105497,0.0560348,0.094249,0.00589911,0.0951024,0.0498736,0.0916971,0.00650169,0.0858627,0.0362931,0.0820377,0.00633015,0.101932,0.0525865,0.100206,0.00548647,0.0768158,0.0611309,0.187962,0.00998786,0.154237,0.0537783,0.095091,0.00480853,0.168774,0.0905894,0.188522,0.0100762,0.155927,0.0624492,0.142238,0.0105545,0.160079,0.0689632,0.155844,0.00864801,0.13452,0.0426832,0.126181,0.00998518,0.204509,0.10703,0.199913,0.0123802,0.201044,0.0976786,0.204509,0.0164183,0.0643082,0.0307922,0.0466371,0.00325263,0.0530983,0.0339945,0.0645759,0.0040303,0.0892218,0.0428355,0.0827928,0.00478827,0.0772445,0.0430522,0.0952255,0.00557758,0.0566668,0.0219609,0.0354514,0.00194252,0.031874,0.0191991,0.054441,0.00353469,0.0368021,0.0204347,0.0506228,0.00327871,0.0523397,0.0264514,0.047728,0.00233654,0.06562,0.0338939,0.0604323,0.00486434,0.0784457,0.0402038,0.0608656,0.00410404,0.121141,0.0820095,0.16508,0.00777179,0.118782,0.040933,0.0811249,0.00739342,0.0504517,0.0332192,0.0794567,0.00469716,0.0723673,0.027421,0.0453575,0.00318279,0.123396,0.0373388,0.0469117,0.00408257,0.0665339,0.0462792,0.12256,0.00793246
0.133689,0.0682577,0.115358,0.00594818,0.0944478,0.051033,0.118406,0.00830138,0.135149,0.0617886,0.129759,0.0106366,0.17596,0.107447,0.18489,0.00854948,0.0634517,0.0298527,0.0661693,0.00389781,0.0624413,0.0303065,0.0681331,0.00397005,0.0949061,0.0358226,0.0807575,0.00606509,0.0982975,0.0559233,0.119604,0.00610333,0.185221,0.0857618,0.1585,0.0111686,0.179445,0.081555,0.155436,0.0114933,0.0830105,0.0400168,0.0891332,0.00493512,0.0778649,0.0322969,0.078057,0.00517279,0.0496335,0.0361688,0.0766411,0.00366217,0.0569718,0.0225255,0.0406344,0.00300319,0.126811,0.0716328,0.140627,0.00954459,0.155796,0.0812807,0.131915,0.00776655,0.215671,0.139833,0.215671,0.0170019,0.215671,0.14784,0.215671,0.0138494,0.0429254,0.025304,0.0506599,0.0033184,0.0537924,0.0286267,0.046775,0.00264795,0.0178217,0.00828219,0.0150613,0.000805259,0.0127397,0.00637995,0.0161462,0.00111428,0.0387774,0.0223809,0.0435917,0.00317056,0.0515311,0.0290681,0.0448897,0.00241989,0.0868199,0.0351815,0.0631867,0.00450387,0.0732837,0.0367019,0.0799175,0.00541246,0.0137933,0.00454587,0.0112999,0.000996402,0.0159471,0.00636047,0.012959,0.000878522,0,0,0,0,0,0,0,0,0.025487,0.0140156,0.0404012,0.00223655,0.0347504,0.0144715,0.0320958,0.00163418,0.215671,0.133051,0.215671,0.0191092,0.215671,0.125135,0.202899,0.0137446
0.117554,0.0539734,0.125236,0.00591555,0.0920565,0.0354417,0.111793,0.00734925,0.146094,0.073005,0.121632,0.00479514,0.0708593,0.0611357,0.171926,0.00958137,0.082498,0.0393165,0.0518721,0.00439628,0.0746706,0.0584061,0.0998121,0.00515808,0.166463,0.0703407,0.110246,0.00875062,0.138612,0.0482689,0.0917176,0.0102929,0.174492,0.0782181,0.129139,0.00352383,0.0509429,0.0381206,0.168431,0.0111161,0.0706338,0.0415948,0.0518064,0.00164088,0.0298621,0.0359304,0.0806758,0.00424463,0.0570847,0.0504353,0.078252,0.00169281,0.0266537,0.00442235,0.0119966,0.00309375,0.067624,0.0409917,0.0607146,0.00632714,0.105618,0.0626128,0.068153,0.00411296,0.214538,0.148179,0.214538,0.0113583,0.190641,0.129074,0.214538,0.0151206,0.0987761,0.0439163,0.0639118,0.00358736,0.0555664,0.0292096,0.0762185,0.00623382,0.0219904,0.00777368,0.0181389,0.00154248,0.0250156,0.0177092,0.0359911,0.00147281,0.0657349,0.0254751,0.0647467,0.00455019,0.0737517,0.0295541,0.0653009,0.00407671,0.123255,0.102131,0.192939,0.00946306,0.148268,0.0817199,0.125037,0.00755562,0.0279183,0.00405679,0.00881126,0.00125898,0.0202488,0.0141322,0.0376521,0.0018934,0,0,0,0,0,0,0,0,0.0186798,0.000106585,0.0163605,0.00209238,0.0334744,0.0145077,0.0318267,0.00130783,0.214538,0.178909,0.214538,0.0156687,0.214538,0.149564,0.214538,0.0136646
0,0,0,0,0,0,0,0,0.112539,0.060536,0.16619,0.0125751,0.217625,0.146463,0.24166,0.00679002,0.0790316,0.0180914,0.0482299,0.00365425,0.059049,0.0420937,0.118648,0.005278,0.232025,0.123654,0.14128,0.00623921,0.101011,0.0385616,0.0934904,0.0137377,0.0822344,0.0300635,0.116483,0.0117518,0.193484,0.0944076,0.140439,0.00528192,0.106779,0.0550736,0.0774597,0.00360124,0.0558086,0.0372292,0.0909342,0.0067166,0.00750173,0,0,0.000212717,0.00470819,0.0122957,0.0286303,0.000555773,0.226092,0.0837776,0.0570588,0.00379853,0.0608546,0.0363088,0.122551,0.0140327,0.252542,0.0956881,0.127728,0.00602567,0.0935605,0.0627499,0.252542,0.022537,0.0556899,0.0207935,0.121346,0.0101723,0.161577,0.0592137,0.09619,0.00371795,0.0597275,0.0438466,0.0682194,0.000900633,0.0115163,0.00963965,0.0445521,0.00362237,0.0450132,0.0197632,0.0390548,0.00754136,0.124234,0.0658099,0.0565915,0.00293708,0.0970326,0.0234641,0.0552603,0.00524774,0.0865113,0.0602328,0.143043,0.00641594,0.00191648,0,0,0,0,0.00105847,0.00414063,0.000139587,0,0,0,0,0,0,0,0,0,0,0,0,0,0,0,0,0.252542,0.0539552,0.124909,0.00852937,0.145314,0.106244,0.252542,0.033343
0.0959899,0.0613854,0.104738,0.00658449,0.105418,0.0498304,0.0710288,0.00581535,0.135306,0.05979,0.105218,0.0058075,0.090866,0.0336439,0.094717,0.00838623,0.126194,0.0604538,0.0906125,0.00629168,0.102223,0.0549097,0.102933,0.00779376,0.114626,0.0663518,0.136641,0.00932905,0.150842,0.0724546,0.113248,0.0070301,0.215741,0.0975487,0.215741,0.0189568,0.215741,0.160131,0.215741,0.0152603,0.181851,0.0690566,0.132214,0.00945159,0.157989,0.11424,0.215741,0.0116051,0.132678,0.0268223,0.0459717,0.00424553,0.068964,0.049783,0.157933,0.00872738,0.092638,0.0604488,0.158063,0.0111342,0.175843,0.0487195,0.0502115,0.0055183,0.148785,0.0885078,0.130543,0.00772855,0.127461,0.0929826,0.161269,0.00918686,0.0243044,0.0172545,0.0346272,0.00238382,0.0385243,0.0199103,0.0259878,0.00148454,0.0344213,0.0156586,0.0296607,0.00203696,0.0319131,0.0158205,0.0325091,0.00220376,0.0535629,0.0301458,0.0722696,0.00606838,0.0990622,0.0438561,0.0555797,0.00325864,0.16456,0.0751044,0.146742,0.00847629,0.133007,0.0477624,0.120842,0.0101933,0.0862167,0.0347119,0.0520969,0.00348527,0.0563889,0.0320086,0.0762442,0.00540882,0,0,0,0,0,0,0,0,0.0414248,0.034221,0.0676075,0.00381872,0.0601117,0.0256146,0.030836,0.00247991,0.0611816,0.0400162,0.117025,0.00711179,0.109797,0.0308327,0.0491116,0.00380022
0.0782586,0.0375831,0.112726,0.00751043,0.117626,0.0500699,0.0995969,0.00508745,0.198142,0.122505,0.174452,0.00630219,0.101202,0.0891847,0.201376,0.0122352,0.0528149,0.035095,0.0955503,0.00567636,0.0914585,0.0485397,0.085158,0.00331335,0.0778663,0.0549185,0.159279,0.00957856,0.149074,0.0559368,0.0902108,0.0049159,0.155315,0.0845981,0.19985,0.0119225,0.190096,0.0751068,0.145125,0.00951539,0.0721108,0.059452,0.124918,0.00725834,0.115738,0.0557416,0.0734938,0.00434538,0.0605864,0.0155611,0.0505838,0.00386216,0.0657093,0.053912,0.126047,0.00402362,0.112655,0.0565877,0.111884,0.0105513,0.171817,0.0930275,0.129293,0.0071395,0.205083,0.142576,0.205083,0.014423,0.205083,0.108608,0.184121,0.0145865,0.121924,0.0707694,0.0948728,0.00527218,0.0887245,0.058796,0.102913,0.0072968,0.0143415,0.00541142,0.00924871,0.000875985,0.0144329,0.00825154,0.0151252,0.000906854,0.0336171,0.0135673,0.0132967,0.00072314,0.0122593,0.0139996,0.0355629,0.00213122,0.0738382,0.0367654,0.070523,0.00431321,0.0686972,0.0401466,0.082769,0.00469469,0.0457353,0.0222728,0.0193455,0.00068639,0.0110333,0.00968394,0.0275946,0.00280168,0,0,0,0,0,0,0,0,0.0398749,0.0269174,0.0540537,0.00210035,0.0303236,0.00193847,0.0111172,0.00240328,0.205083,0.0798367,0.152348,0.00837139,0.130381,0.0583453,0.204612,0.0144897
0.0968846,0.0528545,0.107193,0.00644806,0.10274,0.0431509,0.0809485,0.00593763,0.115956,0.0966679,0.218117,0.0139274,0.216246,0.0822181,0.13687,0.00715426,0.0912747,0.049274,0.0767357,0.00306354,0.0460143,0.026619,0.0743914,0.00574148,0.039053,0.0253832,0.104321,0.00743164,0.118701,0.0529791,0.0826601,0.00255978,0.161071,0.069039,0.145263,0.0092342,0.1452,0.0717457,0.166822,0.0103115,0.0526281,0.0319246,0.0919748,0.00519001,0.0795174,0.0318975,0.0650285,0.00342396,0.0561498,0.0470812,0.0803101,0.00301056,0.0473465,0.0319333,0.0572835,0.00339199,0.1253,0.0673864,0.128492,0.00777628,0.126895,0.0778168,0.148814,0.00780693,0.169687,0.0608288,0.218117,0.019454,0.218117,0.146268,0.218117,0.0109039,0.0490691,0.0286732,0.0573413,0.00432211,0.0734814,0.0624114,0.103823,0.00315704,0.0142134,0.00710721,0.0146562,0.000908911,0.0140709,0.00553196,0.0114887,0.000897823,0.0477691,0.0265379,0.058496,0.00349368,0.0544783,0.0211142,0.0403901,0.00298271,0.0707354,0.0448519,0.103805,0.00661167,0.105205,0.0399127,0.0589565,0.00428408,0.0399787,0.0136622,0.0310382,0.00187574,0.0309383,0.0225373,0.0587279,0.0025846,0,0,0,0,0,0,0,0,0.0271653,0.0228359,0.0555895,0.00248308,0.0389184,0.0103759,0.0176543,0.00154956,0.218117,0.189115,0.200323,0.013717,0.218117,0.140696,0.218117,0.0213024
0,0,0,0,0,0,0,0,0.159553,0.0719923,0.199963,0.0100927,0.150337,0.0205905,0.101168,0.0100306,0.0934798,0.0704536,0.157644,0.00786825,0.121855,0.0306955,0.0457254,0.00548886,0.224779,0.046518,0.042764,0.00591296,0.0981308,0.105267,0.224779,0.019457,0.224779,0.214568,0.224779,0.00857331,0.121811,0.0477265,0.157585,0.0215247,0.0731555,0.0551274,0.222889,0.013116,0.206304,0.110549,0.206198,0.00509223,0.0117722,0.0198178,0.0593643,0.00220246,0.0334723,0.00247238,0.00121651,0.000552344,0.170195,0.0905323,0.218822,0.0101453,0.154328,0.0314179,0.110473,0.0104198,0.224779,0.154075,0.153541,0.00783731,0.120232,0.0565163,0.142402,0.0193007,0.0853963,0.04505,0.0612916,0.00205356,0.0326574,0.0223444,0.0663194,0.00522192,0.0415254,0.00603468,0.017761,0.00192282,0.0306588,0.00696344,0.0305791,0.00264843,0.0749438,0.0539499,0.0798747,0.00245047,0.0412319,0.0253622,0.0535157,0.00429306,0.0936576,0.0366872,0.0180159,0.000926993,0.0175738,0.0358671,0.0923765,0.00591241,0.0728676,0.0147457,0,0.000736159,0.0139178,0.0337897,0.0989668,0.00485434,0,0,0,0,0,0,0,0,0,0,0,0.00302557,0.053536,0.0377369,0.0257601,0,0.0772997,0.050724,0.0661258,0.00260469,0.0431463,0.0300439,0.0568244,0.00457892
0,0,0,0,0,0,0,0,0.0517686,0.0266588,0.107645,0.00743713,0.117764,0.0541217,0.0993569,0.00346002,0.104031,0.0859131,0.206858,0.0124274,0.18437,0.0978848,0.206858,0.00730733,0.116912,0.0927047,0.206858,0.00810636,0.124114,0.0861816,0.198954,0.00754877,0.198564,0.0963111,0.113614,0.00401135,0.0656719,0.0500183,0.149231,0.0121368,0.107669,0.0929035,0.185949,0.0102821,0.163812,0.0749064,0.091989,0.00636188,0.19119,0.0746631,0.139041,0.00785322,0.126079,0.0644105,0.182608,0.0119957,0.0536135,0.0706104,0.17108,0.00769058,0.118287,0.04716,0.0571311,0.00313938,0.0364366,0.0278603,0.0982089,0.00625028,0.0976858,0.0324395,0.0465819,0.00228778,0.0453515,0.0159436,0.016725,0.00300805,0.0521479,0.0416672,0.0639812,0.0028957,0.051439,0.0373772,0.206858,0.0165205,0.206858,0.0563062,0.0454966,0.0030887,0.0797486,0.0128038,0.0269948,0.00283912,0.0455175,0.0482204,0.135646,0.00554668,0.143774,0.0596489,0.0748891,0.00798025,0.12894,0.0656053,0.102239,0.00903166,0.0456859,0.00684587,0.0490993,0.00927971,0.155277,0.0709646,0.0742401,0.00291575,0.113112,0.0730502,0.09466,0.00371308,0.0602748,0.0188633,0.0336343,0.00647919,0.0824525,0.0480071,0.0849302,0.00295291,0.0450716,0.0148987,0.0527408,0.00497773,0.0453577,0.011026,0.0167111,0.00191113,0.0308865,0.0301204,0.0713053,0.00310926
0,0,0,0,0,0,0,0,0.210204,0.062709,0.183119,0.0101777,0.156911,0.0463943,0.202267,0.0134744,0.0550682,0.0174016,0.0535205,0.00443012,0.0713315,0.0340206,0.0721784,0.00357793,0.173946,0.0885324,0.18503,0.0085034,0.128981,0.0526383,0.154571,0.0109901,0.0451426,0.108123,0.210204,0.0132056,0.19108,0.0393872,0.0953412,0.00273033,0.076978,0.0620916,0.147654,0.0074803,0.115423,0.0850666,0.157486,0.00525405,0.0632221,0.0442235,0.0884773,0.00302697,0.0486457,0.0347909,0.0832332,0.00386168,0.0888657,0.0753933,0.191869,0.00655242,0.0929033,0.0583061,0.151926,0.00606548,0.127228,0.0719289,0.125701,0.0112924,0.189322,0.125569,0.176319,0.00791127,0.127945,0.0540824,0.110707,0.00732684,0.112875,0.0515887,0.120537,0.00828405,0.0272186,0.0517139,0.114193,0.00360941,0.0583611,0.0291778,0.0356959,0.00127188,0.0710785,0.0526879,0.197788,0.00978107,0.150125,0.0468788,0.106535,0.00451504,0.0802248,0.0528331,0.0940932,0.004368,0.0701154,0.0352688,0.067295,0.00480383,0.0340955,0.0471655,0.150674,0.00654284,0.0967403,0.0139937,0.0183258,0.00199863,0.0769829,0.0163717,0.0512007,0.00217966,0.033134,0.0221399,0.10717,0.00513389,0.0423986,0.0432069,0.105119,0.00596958,0.0951393,0.0525372,0.071984,0.00262747,0.0669147,0.028004,0.045112,0.00293198,0.0489278,0.0405833,0.0895316,0.0042764
0.172944,0.0680406,0.0902355,0.00382009,0.0630316,0.0686923,0.201517,0.011046,0.193283,0.0861349,0.137679,0.00899,0.145017,0.0750827,0.162721,0.0120159,0.0975154,0.0279173,0.052746,0.00494938,0.0802715,0.042026,0.0996365,0.00626485,0.0806092,0.0425349,0.0986389,0.00650699,0.103128,0.0477682,0.0871164,0.0050962,0.0754509,0.0357422,0.0758228,0.00501086,0.079129,0.0362765,0.0732675,0.00477627,0.0789606,0.0440296,0.0922662,0.00585884,0.0943942,0.0526,0.0948414,0.00495664,0.0843034,0.0349275,0.0601467,0.0050358,0.0816507,0.043906,0.081666,0.00532655,0.146556,0.0881837,0.208893,0.0121626,0.194483,0.0857474,0.155846,0.00898383,0.22031,0.156338,0.22031,0.0183193,0.22031,0.145915,0.22031,0.0192378,0.0496165,0.0279917,0.0705953,0.00492497,0.0785824,0.0371173,0.0608051,0.00314138,0.0267587,0.0125662,0.0272455,0.00195338,0.0317761,0.0162056,0.0298755,0.00167115,0.0700885,0.0300974,0.057602,0.0038446,0.061718,0.0329311,0.0719271,0.00443104,0.101766,0.0492256,0.092771,0.00683581,0.110476,0.0586772,0.103921,0.00638654,0.0367956,0.022228,0.0489719,0.00336005,0.0540993,0.0275691,0.0428914,0.00229313,0.0311844,0.0125214,0.0225403,0.00137229,0.0222508,0.0128445,0.0321528,0.00196311,0.0619174,0.0294579,0.0645014,0.0051186,0.0832182,0.045601,0.0771219,0.00392943,0.162048,0.0795091,0.153909,0.00938209,0.150402,0.0873962,0.182128,0.0102492
0.0684099,0.0314275,0.0678979,0.0065601,0.105651,0.0478134,0.0650886,0.00432739,0.0854405,0.0390249,0.0690333,0.00373622,0.0588192,0.031848,0.080574,0.00539115,0.0641538,0.0282146,0.0533682,0.00373914,0.0602623,0.0329786,0.06727,0.00405651,0.143373,0.0616832,0.125705,0.00878458,0.140009,0.0625747,0.130943,0.00901706,0.207736,0.115837,0.207736,0.0157545,0.207736,0.122875,0.207736,0.0152227,0.154985,0.0764025,0.137846,0.00774862,0.120674,0.0595321,0.136707,0.00978261,0.0702057,0.028466,0.0492709,0.00412164,0.0664197,0.0358094,0.0684876,0.00446558,0.0787087,0.0380282,0.0651674,0.00415238,0.0667767,0.0351861,0.0711272,0.004899,0.136479,0.070892,0.131144,0.00689591,0.109748,0.058305,0.131427,0.00848785,0.118508,0.0312372,0.0662915,0.0054031,0.0890685,0.0670762,0.171039,0.00780148,0.0322405,0.0151571,0.0314412,0.00187309,0.0303007,0.0152823,0.0336441,0.0020021,0.0696198,0.0361513,0.0681942,0.00370373,0.0575982,0.0245641,0.0558677,0.00434271,0.187971,0.0887978,0.177937,0.0105479,0.169454,0.098621,0.207736,0.0118913,0.0749015,0.0305733,0.058287,0.00388755,0.0618141,0.0309402,0.0721454,0.0047517,0.0261948,0.0160226,0.0342392,0.0020767,0.0330491,0.0139722,0.0230763,0.0016,0.136538,0.0403048,0.0484978,0.00415368,0.0696511,0.0599097,0.15658,0.00880034,0.207736,0.0940345,0.128888,0.00817374,0.134533,0.0839462,0.181831,0.0129113
0.150186,0.0717315,0.122316,0.00976107,0.159158,0.0700902,0.109895,0.00915062,0.132872,0.0557828,0.0990302,0.0063806,0.102149,0.05601,0.13023,0.00840097,0.107153,0.0502495,0.117507,0.00773506,0.122548,0.0533218,0.108568,0.00676402,0.169824,0.0735024,0.148808,0.00912407,0.144593,0.0646841,0.155509,0.0106664,0.192788,0.106943,0.206265,0.0158324,0.206265,0.123891,0.206265,0.0122686,0.141442,0.0660335,0.14842,0.00815279,0.12644,0.0661495,0.163666,0.00913942,0.133911,0.0667052,0.119734,0.00584893,0.0903432,0.0465302,0.120908,0.00844793,0.150675,0.0703777,0.103004,0.00742474,0.119129,0.0628072,0.118642,0.00939793,0.190537,0.0912367,0.17071,0.0122905,0.197224,0.111054,0.205666,0.0121086,0.0258744,0.0124127,0.0220842,0.00138226,0.0225327,0.0117259,0.0239826,0.00159277,0.0624013,0.0269057,0.0461225,0.00313121,0.0510598,0.0276594,0.0590477,0.00388573,0.0361029,0.0220127,0.0410452,0.00188309,0.0296244,0.015349,0.0335213,0.00222199,0.0827003,0.0433147,0.0876476,0.00559972,0.0899373,0.0412052,0.0759779,0.00509712,0.0336828,0.0234848,0.0397539,0.00145361,0.023236,0.013113,0.0284066,0.00200496,0.0619983,0.0297541,0.0587309,0.00359006,0.0576635,0.0284048,0.0602304,0.00385719,0.0284776,0.0134779,0.0200788,0.00149628,0.0241539,0.0103771,0.0178868,0.00173994,0.0921553,0.0399153,0.0689136,0.0044714,0.0713864,0.0348753,0.0790919,0.00576976
0.108063,0.0471837,0.0949889,0.00318743,0.0472885,0.0169064,0.0921425,0.00678518,0.0775074,0.0494291,0.0661556,0.00444045,0.0732468,0.0392001,0.0489221,0.00458743,0.0806237,0.0335791,0.0549156,0.00340708,0.054143,0.0250807,0.0635388,0.00503561,0.0859238,0.027532,0.101321,0.0102411,0.165982,0.071967,0.114634,0.00556092,0.205102,0.136633,0.205102,0.0112283,0.170269,0.0866385,0.205102,0.0153391,0.10874,0.0487784,0.0901419,0.0103944,0.170545,0.0945553,0.124528,0.00693024,0.0552934,0.0222199,0.0578539,0.00661698,0.107819,0.0434917,0.0500262,0.00344399,0.0479217,0.0198766,0.0766053,0.00500984,0.0797713,0.0508118,0.10976,0.00332002,0.131825,0.0493924,0.135137,0.0102077,0.161138,0.0695886,0.148262,0.00854497,0.172454,0.0672186,0.0922793,0.00514153,0.0834396,0.0563908,0.158541,0.0108461,0.0398093,0.015183,0.0385332,0.00220024,0.0345788,0.0146287,0.042599,0.00253651,0.0836927,0.0327561,0.0446924,0.00283754,0.0459317,0.0247739,0.0656805,0.00521351,0.147028,0.0607727,0.15977,0.0112523,0.176777,0.0766149,0.16331,0.00950447,0.0629581,0.03171,0.0575624,0.0038898,0.0635912,0.0417051,0.0779318,0.00397798,0.037153,0.0174989,0.0382542,0.00235441,0.0375191,0.0167738,0.0363642,0.00232095,0.122399,0.0351628,0.0719498,0.0066609,0.11079,0.0793177,0.176341,0.00799641,0.182647,0.10175,0.183329,0.0117923,0.189642,0.0911146,0.153985,0.0111949
0.0723723,0.0613164,0.197416,0.010028,0.153275,0.0655247,0.125357,0.00477014,0.152392,0.0679337,0.123577,0.011684,0.19261,0.104795,0.160816,0.00952159,0.106683,0.0334362,0.0502748,0.0037549,0.0604658,0.0248719,0.078496,0.00667859,0.129319,0.0327253,0.0372983,0.00373144,0.0615964,0.045959,0.132828,0.00835024,0.101673,0.0570427,0.082286,0.00425778,0.0667024,0.0354864,0.07196,0.00627426,0.0734801,0.0415912,0.108943,0.00843467,0.134903,0.0459976,0.0567794,0.0044585,0.0715946,0.0281543,0.0529846,0.00604291,0.0996225,0.0463442,0.0631791,0.00443858,0.176675,0.0756413,0.104595,0.0109264,0.180807,0.129344,0.213309,0.0113522,0.213778,0.135734,0.213778,0.0183644,0.213778,0.128709,0.213778,0.0179179,0.122057,0.0398213,0.0462478,0.00337159,0.0554337,0.0366178,0.10614,0.00770486,0.0506266,0.012525,0.0268438,0.00225847,0.0370526,0.0200301,0.056188,0.00324724,0.0823484,0.0237071,0.0453147,0.0034221,0.0539621,0.0281984,0.0831386,0.0053444,0.0956687,0.0446746,0.106506,0.00773185,0.125963,0.0784539,0.147191,0.00618105,0.0466895,0.0262718,0.0717927,0.00467284,0.0761122,0.0401715,0.0715773,0.00292123,0.048537,0.0213022,0.0209979,0.0011833,0.0188158,0.0137479,0.0348452,0.00303688,0.0931676,0.0391837,0.0863361,0.00542957,0.0865694,0.0360449,0.0863388,0.0058221,0.125882,0.0720432,0.17275,0.00745027,0.112571,0.0293906,0.0964364,0.00777067
0.200276,0.0820845,0.0824062,0.00583429,0.0949348,0.0539571,0.128644,0.0123864,0.117566,0.0915451,0.146145,0.00362037,0.0524224,0.0247518,0.0709361,0.00703095,0.167242,0.0849888,0.11198,0.00602675,0.0951401,0.0540801,0.119134,0.0103601,0.0553998,0.0419748,0.156118,0.0120377,0.194419,0.0986513,0.136193,0.00364478,0.203597,0.114948,0.124479,0.0106125,0.17977,0.120433,0.203597,0.0162821,0.118806,0.0545893,0.158511,0.00993744,0.159597,0.0928146,0.198041,0.00775509,0.169496,0.078556,0.146441,0.00606518,0.0951212,0.0606065,0.183099,0.010716,0.103263,0.0456202,0.110749,0.00933193,0.149578,0.062036,0.0989278,0.00650374,0.13656,0.0915519,0.203485,0.00904177,0.141799,0.0657412,0.14401,0.00836268,0.0522402,0.0208116,0.0456997,0.00303321,0.0477084,0.0196054,0.0476971,0.00331513,0.0671922,0.0395917,0.0751898,0.00525436,0.0847292,0.0380271,0.0543651,0.00408249,0.0510941,0.0211943,0.0442566,0.00238631,0.0366268,0.0143482,0.0443382,0.00324744,0.0774815,0.0527501,0.103451,0.0029897,0.0440281,0.0263557,0.081442,0.00484379,0.0346578,0.0223005,0.0480656,0.00361193,0.0591279,0.0237386,0.0266174,0.00202377,0.0732118,0.0357212,0.110894,0.00688508,0.107032,0.0317267,0.0686804,0.00461242,0.061272,0.0295032,0.0544305,0.00281433,0.0432035,0.0111744,0.0339849,0.00376286,0.0656556,0.0216954,0.0490638,0.00413611,0.0664668,0.0316353,0.069139,0.00421188
0.198745,0.081457,0.0817763,0.0057897,0.0942091,0.0535447,0.12766,0.0122917,0.119906,0.0955454,0.151665,0.00350998,0.0498727,0.0200638,0.0630898,0.00712886,0.165964,0.0843392,0.100948,0.00509666,0.0813675,0.0557773,0.125528,0.0102809,0.0549763,0.0393809,0.150814,0.0122584,0.198616,0.100285,0.135152,0.00361692,0.202013,0.107317,0.137815,0.0111854,0.187906,0.119513,0.202013,0.0146047,0.133894,0.0594996,0.157299,0.00986148,0.158377,0.0921051,0.201329,0.00867705,0.177638,0.0798321,0.135596,0.00560781,0.0884949,0.0601433,0.183366,0.0112058,0.102474,0.0470927,0.119628,0.00936485,0.148423,0.0552928,0.0909097,0.00645402,0.132278,0.086152,0.195292,0.00927943,0.146626,0.0715077,0.150172,0.00814711,0.0547304,0.0188907,0.0386155,0.00282025,0.044853,0.0194555,0.0496798,0.00347618,0.0645989,0.0413089,0.0813501,0.00540398,0.0865723,0.0362955,0.048842,0.00389601,0.0527834,0.0177954,0.0357649,0.00223729,0.0349951,0.0156794,0.0491069,0.00337789,0.0768893,0.0555838,0.102119,0.00239801,0.0341854,0.0251246,0.0808194,0.00480677,0.0299182,0.020294,0.0563926,0.00428394,0.0695338,0.0245867,0.0257972,0.0017383,0.0771269,0.0346863,0.100878,0.00655517,0.102505,0.0314841,0.0687722,0.00484717,0.050837,0.0287899,0.0631825,0.00307011,0.0465825,0.011089,0.0302425,0.0031197,0.0722309,0.0243573,0.0486887,0.0041045,0.0659588,0.0313935,0.0697459,0.0046077
0.0693903,0.0334577,0.0903014,0.0055986,0.0886128,0.0304433,0.064745,0.00429723,0.156971,0.156109,0.232766,0.00700102,0.100058,0.0109273,0.0344079,0.00885355,0.108435,0.0580258,0.14071,0.0130876,0.208202,0.086565,0.100913,0.00690691,0.0349436,0.018691,0.047764,0.00339521,0.0536702,0.0175443,0.0266278,0.00215064,0.0475409,0.0292804,0.0699452,0.00385518,0.0608007,0.0245632,0.0467733,0.00292323,0.0368374,0.0175953,0.0341454,0.00235735,0.0381418,0.0200084,0.0379116,0.00230302,0.101845,0.059341,0.172582,0.00943203,0.147615,0.0702553,0.149746,0.00656821,0.0116251,0.00907393,0.118907,0.0197117,0.232766,0.16669,0.133517,0.000968978,0.141434,0.0265053,0.0432668,0.00951564,0.160716,0.0995527,0.177479,0.00919781,0.0862755,0.0799952,0.192945,0.00710409,0.104621,0.0392149,0.0889082,0.00537001,0.109779,0.0670407,0.126269,0.00674561,0.10793,0.0567185,0.106428,0.00673303,0.0283036,0.0203829,0.0438161,0.00277087,0.0441637,0.0174284,0.0217477,0.00169105,0.0614959,0.0362257,0.0764761,0.00513984,0.0806538,0.0372503,0.0594712,0.00389513,0.0480413,0.0220053,0.0353951,0.00183985,0.0299739,0.0162823,0.0414368,0.00295196,0.12867,0.0730979,0.109551,0.00461631,0.0728965,0.0467943,0.110054,0.00793725,0.0393877,0.0733414,0.215843,0.0100527,0.153287,0.0528271,0.0588377,0.00230713,0.0263545,0.155586,0.232766,0.0189958,0.232766,0.00653142,0,0.00103538
0.0693903,0.0334577,0.0903014,0.0055986,0.0886128,0.0304433,0.064745,0.00429723,0.156971,0.156109,0.232766,0.00700102,0.100058,0.0109273,0.0344079,0.00885355,0.108435,0.0580258,0.14071,0.0130876,0.208202,0.086565,0.100913,0.00690691,0.0349436,0.018691,0.047764,0.00339521,0.0536702,0.0175443,0.0266278,0.00215064,0.0475409,0.0292804,0.0699452,0.00385518,0.0608007,0.0245632,0.0467733,0.00292323,0.0368374,0.0175953,0.0341454,0.00235735,0.0381418,0.0200084,0.0379116,0.00230302,0.101845,0.059341,0.172582,0.00943203,0.147615,0.0702553,0.149746,0.00656821,0.0116251,0.00907393,0.118907,0.0197117,0.232766,0.16669,0.133517,0.000968978,0.141434,0.0265053,0.0432668,0.00951564,0.160716,0.0995527,0.177479,0.00919781,0.0862755,0.0799952,0.192945,0.00710409,0.104621,0.0392149,0.0889082,0.00537001,0.109779,0.0670407,0.126269,0.00674561,0.10793,0.0567185,0.106428,0.00673303,0.0283036,0.0203829,0.0438161,0.00277087,0.0441637,0.0174284,0.0217477,0.00169105,0.0614959,0.0362257,0.0764761,0.00513984,0.0806538,0.0372503,0.0594712,0.00389513,0.0480413,0.0220053,0.0353951,0.00183985,0.0299739,0.0162823,0.0414368,0.00295196,0.12867,0.0730979,0.109551,0.00461631,0.0728965,0.0467943,0.110054,0.00793725,0.0393877,0.0733414,0.215843,0.0100527,0.153287,0.0528271,0.0588377,0.00230713,0.0263545,0.155586,0.232766,0.0189958,0.232766,0.00653142,0,0.00103538
0.07341,0.0297008,0.0456731,0.00391423,0.0638705,0.0406172,0.0781511,0.00468236,0.0581533,0.028191,0.061143,0.00362749,0.0575017,0.0245864,0.0542203,0.00362349,0.0811624,0.0475655,0.0855442,0.00451863,0.0739826,0.0491588,0.096072,0.00501078,0.167249,0.076203,0.142741,0.00942276,0.151252,0.0786589,0.163899,0.0105051,0.17562,0.0916631,0.208252,0.0169802,0.208252,0.122023,0.186466,0.010958,0.131211,0.0701945,0.12436,0.00666894,0.105956,0.0520938,0.111579,0.0080923,0.0844196,0.0348704,0.0621608,0.00463644,0.0745442,0.0375931,0.0777574,0.00532026,0.0563626,0.0272537,0.0661082,0.00359367,0.0567562,0.0277071,0.0666674,0.00357371,0.0858321,0.0444556,0.104695,0.006934,0.110273,0.0507619,0.0935054,0.00541093,0.103085,0.0549084,0.111579,0.00716576,0.113092,0.0439802,0.0786088,0.00636676,0.0562034,0.0221203,0.0336879,0.00206465,0.0334737,0.0222303,0.0566486,0.00355863,0.0968467,0.0390006,0.0782572,0.00609083,0.0994494,0.0583679,0.116351,0.00617134,0.166981,0.0948762,0.208252,0.0141435,0.208252,0.0898685,0.16335,0.0103881,0.0589588,0.0325268,0.082815,0.00483181,0.0753744,0.0321058,0.0655149,0.00374842,0.0387933,0.0187148,0.0340072,0.00245194,0.0397443,0.021925,0.0398019,0.00243117,0.0742676,0.034099,0.0922928,0.00773259,0.125922,0.0646111,0.104753,0.00473679,0.179999,0.131404,0.208252,0.0140109,0.208252,0.0853044,0.128865,0.0108262
0.0708264,0.0272111,0.0565664,0.00479263,0.0777916,0.0391464,0.0746808,0.0044902,0.147565,0.0604348,0.0907479,0.00685222,0.112471,0.0606925,0.126384,0.00916004,0.119837,0.0528371,0.110563,0.00721219,0.114376,0.0505008,0.111114,0.00754041,0.197615,0.0649038,0.136129,0.00882187,0.139944,0.0724543,0.203854,0.0127068,0.203854,0.110534,0.203854,0.0141586,0.203854,0.107411,0.203854,0.0144097,0.0789957,0.0514909,0.151009,0.0109237,0.178721,0.0898834,0.131958,0.00487356,0.0842095,0.047564,0.0976822,0.00430027,0.0666126,0.0294065,0.0771248,0.00522007,0.104555,0.0499222,0.133987,0.0107136,0.171199,0.0740217,0.117983,0.00665027,0.179508,0.0927817,0.150462,0.00860706,0.13605,0.0606224,0.126344,0.0110433,0.0710622,0.0306957,0.0535593,0.00334635,0.0533243,0.0236981,0.0565934,0.00442028,0.0139565,0.00553534,0.0167833,0.00143976,0.0232267,0.0092343,0.0152857,0.000879052,0.0751493,0.0484873,0.123606,0.00797618,0.128141,0.0706307,0.117144,0.00478395,0.13721,0.0751596,0.12781,0.00586648,0.0943955,0.0711357,0.162169,0.00862569,0.0716013,0.0502689,0.10933,0.00585015,0.0925178,0.0356143,0.0576204,0.00428642,0.0491689,0.019406,0.0286011,0.00194728,0.0321908,0.0171638,0.0408677,0.00303304,0.0862706,0.0400792,0.0880518,0.00474813,0.0747553,0.0360781,0.0911597,0.00545234,0.030073,0.0149154,0.0439155,0.00239212,0.0366483,0.0142391,0.0359191,0.00195157
0.0955865,0.0434491,0.0901646,0.0069808,0.111868,0.0462461,0.0797604,0.00594798,0.193512,0.0644829,0.106652,0.00755406,0.12229,0.0730671,0.195912,0.0123423,0.1225,0.0638997,0.148181,0.00901945,0.144744,0.0745337,0.148281,0.00769681,0.154937,0.0590832,0.0744994,0.00668375,0.11245,0.083466,0.168222,0.00979021,0.130105,0.0723233,0.153829,0.00881004,0.141723,0.0818983,0.162332,0.00817147,0.133391,0.0722664,0.110957,0.00514304,0.081725,0.0531468,0.122448,0.00828752,0.0966554,0.0501236,0.128299,0.007449,0.118071,0.0397827,0.0851544,0.0059085,0.0721211,0.0590394,0.162011,0.00913848,0.144619,0.0784861,0.130377,0.00463035,0.161176,0.0769208,0.164992,0.0106031,0.170275,0.082728,0.168095,0.010081,0.0772966,0.0292006,0.069318,0.00576247,0.0920817,0.043169,0.0838846,0.00497294,0.0137713,0.0122074,0.020915,0.0014868,0.0253764,0.0180944,0.0216802,0.000801177,0.0964284,0.0482639,0.0852426,0.00562028,0.0919483,0.0537112,0.101169,0.00598519,0.0710586,0.0419596,0.0862766,0.00651142,0.105442,0.0440927,0.0563752,0.0042813,0.0811192,0.0298449,0.0568993,0.00444309,0.0718683,0.0370106,0.0812074,0.00514358,0.0295639,0.0192728,0.0395817,0.00268378,0.043594,0.019145,0.0252831,0.00176084,0.0464457,0.0292153,0.0756133,0.00416132,0.064691,0.0217901,0.0417654,0.00286684,0.200205,0.0743681,0.120474,0.00852741,0.137805,0.0711095,0.18109,0.0129151
0.0955865,0.0434491,0.0901646,0.0069808,0.111868,0.0462461,0.0797604,0.00594798,0.193512,0.0644829,0.106652,0.00755406,0.12229,0.0730671,0.195912,0.0123423,0.1225,0.0638997,0.148181,0.00901945,0.144744,0.0745337,0.148281,0.00769681,0.154937,0.0590832,0.0744994,0.00668375,0.11245,0.083466,0.168222,0.00979021,0.130105,0.0723233,0.153829,0.00881004,0.141723,0.0818983,0.162332,0.00817147,0.133391,0.0722664,0.110957,0.00514304,0.081725,0.0531468,0.122448,0.00828752,0.0966554,0.0501236,0.128299,0.007449,0.118071,0.0397827,0.0851544,0.0059085,0.0721211,0.0590394,0.162011,0.00913848,0.144619,0.0784861,0.130377,0.00463035,0.161176,0.0769208,0.164992,0.0106031,0.170275,0.082728,0.168095,0.010081,0.0772966,0.0292006,0.069318,0.00576247,0.0920817,0.043169,0.0838846,0.00497294,0.0137713,0.0122074,0.020915,0.0014868,0.0253764,0.0180944,0.0216802,0.000801177,0.0964284,0.0482639,0.0852426,0.00562028,0.0919483,0.0537112,0.101169,0.00598519,0.0710586,0.0419596,0.0862766,0.00651142,0.105442,0.0440927,0.0563752,0.0042813,0.0811192,0.0298449,0.0568993,0.00444309,0.0718683,0.0370106,0.0812074,0.00514358,0.0295639,0.0192728,0.0395817,0.00268378,0.043594,0.019145,0.0252831,0.00176084,0.0464457,0.0292153,0.0756133,0.00416132,0.064691,0.0217901,0.0417654,0.00286684,0.200205,0.0743681,0.120474,0.00852741,0.137805,0.0711095,0.18109,0.0129151
0,0,0,0,0,0,0,0,0.161595,0.0578669,0.148693,0.0111582,0.172677,0.0684063,0.159757,0.0105673,0.166654,0.0774233,0.122304,0.0124687,0.203667,0.0786702,0.0879115,0.0100545,0.112815,0.0437744,0.0671058,0.008356,0.140816,0.0934627,0.143514,0.00716233,0.102823,0.0554668,0.104755,0.00887548,0.144343,0.083357,0.12184,0.0065111,0.0758451,0.06352,0.106257,0.00427498,0.0732761,0.0695939,0.121589,0.00452252,0.17957,0.0651305,0.0743533,0.00415294,0.0703705,0.0698953,0.193565,0.0113854,0.0766449,0.0622025,0.20137,0.0167778,0.20419,0.110844,0.110848,0.00475349,0.128415,0.0867409,0.177905,0.0144495,0.20419,0.106683,0.117646,0.00799984,0.08763,0.0275684,0.068135,0.00505039,0.0812585,0.0417835,0.104376,0.00565331,0.0200603,0.00923796,0.0287691,0.000805445,0.0120342,0.010809,0.0400966,0.00135288,0.0691309,0.0167178,0.070227,0.00608761,0.0986276,0.0821956,0.178318,0.00500071,0.0734625,0.0472472,0.0770264,0.00321484,0.0494742,0.0284751,0.0615692,0.00454634,0.0516629,0.0390357,0.116545,0.0054963,0.0816658,0.0127191,0.0312432,0.00318452,0.0432545,0.0252747,0.0409612,0.00117744,0.0172295,0.00652707,0.0275922,0.002643,0.0642295,0.0378187,0.103935,0.00592841,0.0900393,0.019396,0.039414,0.00399444,0.141535,0.0643987,0.1433,0.00999547,0.160862,0.0788188,0.154274,0.00891356
0,0,0,0,0,0,0,0,0.142573,0.0645686,0.166062,0.0101281,0.156834,0.0681381,0.159302,0.00923806,0.105073,0.0332072,0.0532191,0.00581103,0.0965487,0.0617757,0.121774,0.00674163,0.160295,0.0545201,0.104361,0.00732609,0.113663,0.0533998,0.14864,0.0103737,0.180073,0.140262,0.208551,0.0147333,0.208551,0.101406,0.117825,0.0108001,0.0531872,0.0516998,0.189236,0.0179027,0.208551,0.107311,0.0719178,0.00324759,0.0775944,0.0459224,0.120205,0.0068333,0.103949,0.0265604,0.0531659,0.00485138,0.147389,0.028726,0.0640693,0.013028,0.208551,0.146021,0.208551,0.00959331,0.175618,0.102347,0.202374,0.0106466,0.167363,0.0688448,0.140232,0.0107538,0.0673054,0.0116851,0.0233089,0.00385469,0.0668888,0.0591333,0.123428,0.00449799,0.0122502,0.006,0.0121846,0.000926922,0.0151498,0.00545006,0.00812947,0.000729384,0.09786,0.0277382,0.0681224,0.00815236,0.133777,0.057811,0.0953967,0.00618423,0.0830754,0.0411687,0.046345,0.00544865,0.0935392,0.0785665,0.114465,0.00524702,0.118139,0.0329219,0.0279322,0.00201039,0.0364487,0.0469139,0.139023,0.00755621,0.0192136,0.0135783,0.029858,0.00344398,0.0579176,0.0285144,0.0225391,0.00109636,0.0971999,0.06624,0.107942,0.00556655,0.0887192,0.0392941,0.0598018,0.00577364,0.0163148,0.0131214,0.03896,0.00160383,0.0237552,0.00958159,0.0240813,0.0010693
0,0,0,0,0,0,0,0,0,0,0,0,0,0,0,0,0,0,0,0,0,0,0,0,0,0,0,0,0,0,0,0,0,0,0,0,0,0,0,0,0,0,0,0,0,0,0,0,0,0,0,0,0,0,0,0,0,0,0,0,0,0,0,0,0,0,0,0,0,0,0,0,0.219863,0.171942,0.233621,0.0195361,0.233621,0.184773,0.175611,0.0131255,0.0845456,0.0421877,0.0548744,0.00458408,0.0721558,0.074238,0.134611,0.00581373,0.164795,0.0909221,0.115049,0.00653576,0.103964,0.0562865,0.103101,0.0100806,0.070908,0.0292928,0.110171,0.0101684,0.166118,0.0946763,0.152351,0.00476518,0.0499011,0.0515197,0.111915,0.0102641,0.16828,0.0884204,0.0710748,0.00296974,0.233621,0.0877837,0.0522946,0.00113025,0.0141214,0.0199976,0.168305,0.0172214,0.233621,0.124698,0.189831,0.0227664,0.233621,0.136311,0.213796,0.0228885,0.233621,0.233621,0.221067,0.00514437,0.0787325,0.0297712,0.100933,0.0249707
0.143701,0.0808774,0.109616,0.00565452,0.0907482,0.0470633,0.0915155,0.00869271,0.108244,0.0635483,0.123957,0.00717965,0.11568,0.066834,0.123425,0.00673403,0.101844,0.0486753,0.0924263,0.0049985,0.0800348,0.0436383,0.103651,0.00636522,0.170993,0.0890313,0.163222,0.00909123,0.144942,0.0808306,0.17204,0.0106954,0.209504,0.127039,0.209504,0.0146522,0.209504,0.112175,0.209504,0.0156637,0.13346,0.0906409,0.173905,0.00949234,0.149945,0.0726496,0.119615,0.00817628,0.0684937,0.0349116,0.0854254,0.006103,0.0973984,0.0491316,0.0864009,0.00438957,0.112601,0.0668687,0.152227,0.00888817,0.1417,0.0690088,0.127626,0.00700521,0.113131,0.0726121,0.169829,0.0089987,0.140577,0.0557364,0.106921,0.00697735,0.0647072,0.0355296,0.0769097,0.00647903,0.104942,0.0479134,0.0626969,0.00399776,0.0372809,0.0201424,0.0397588,0.0021328,0.0337323,0.0161592,0.0349374,0.00231411,0.0528991,0.044342,0.11587,0.00606795,0.0938228,0.0355018,0.056371,0.00326593,0.15229,0.0738166,0.125185,0.00691341,0.108725,0.0459351,0.110164,0.0094122,0.0747792,0.0380917,0.0769273,0.00529527,0.083988,0.0385372,0.0686546,0.00469636,0.046738,0.0234715,0.0482657,0.00367786,0.0590059,0.0265815,0.0425328,0.00291265,0.0618832,0.0258964,0.068197,0.00654348,0.106725,0.0488762,0.0716424,0.00389725,0.05968,0.0301485,0.0586129,0.0029494,0.0471419,0.0271144,0.0647756,0.00373334
0.142228,0.0723048,0.164574,0.00792888,0.122916,0.0565383,0.150756,0.00899231,0.156341,0.0890143,0.142312,0.00631035,0.102554,0.065934,0.147601,0.00954266,0.115565,0.04836,0.109841,0.00747596,0.118951,0.0620957,0.135318,0.00743195,0.109349,0.0756802,0.176658,0.008448,0.129741,0.0487777,0.0997355,0.00675968,0.173076,0.0793587,0.136235,0.00938193,0.151983,0.082054,0.16299,0.0108019,0.112268,0.0588964,0.134366,0.00784094,0.121333,0.0569572,0.121226,0.00722048,0.0925702,0.0566016,0.0866851,0.00505363,0.0813064,0.0469627,0.0776948,0.00566814,0.103145,0.0694009,0.146757,0.00897425,0.144051,0.0728842,0.113171,0.00633338,0.206075,0.148977,0.206075,0.0136197,0.206075,0.104503,0.206075,0.0148649,0.0588088,0.030823,0.0507776,0.0029295,0.0465535,0.0222522,0.0450232,0.00362298,0.0351039,0.0159462,0.0371195,0.00270271,0.0437669,0.0216773,0.0404993,0.00220825,0.0532688,0.0287424,0.0559326,0.00289591,0.0453979,0.020618,0.0467317,0.00330729,0.0545538,0.0262369,0.052846,0.00310139,0.0496604,0.0300369,0.0657243,0.00347204,0.0514706,0.0300068,0.069862,0.00436413,0.069049,0.0326825,0.0579061,0.00324457,0.0396084,0.0169356,0.0310453,0.00246925,0.0399942,0.0213251,0.0398831,0.0025009,0.059743,0.0328756,0.0834128,0.00485205,0.0766811,0.0365088,0.0741091,0.00378697,0.11469,0.0700625,0.163268,0.00998627,0.158733,0.0711831,0.121579,0.00710872
0.142237,0.0723093,0.164584,0.00792937,0.122924,0.0565418,0.150765,0.00899287,0.154108,0.0856014,0.139424,0.00642622,0.104371,0.0658111,0.147576,0.00943533,0.112943,0.0482615,0.114738,0.00795337,0.126347,0.0627341,0.131745,0.0072611,0.113848,0.0762559,0.176195,0.00816782,0.12508,0.0478531,0.105281,0.00706158,0.168594,0.0820159,0.140816,0.0092358,0.149052,0.0806374,0.157462,0.0105011,0.114917,0.0585126,0.127698,0.00764839,0.119204,0.0577994,0.121913,0.00735764,0.0899334,0.0539865,0.0839229,0.00506919,0.0815976,0.0474559,0.0785361,0.00553179,0.111791,0.0697147,0.14603,0.00921343,0.14799,0.0741709,0.119195,0.00689426,0.20585,0.15198,0.20585,0.0133948,0.20585,0.10374,0.20585,0.0145846,0.0563718,0.0305442,0.0499587,0.00271163,0.0428836,0.0205897,0.0425298,0.00346811,0.0376837,0.016999,0.0373566,0.00270171,0.0437179,0.0214907,0.0407609,0.00236378,0.0527575,0.0276724,0.0550363,0.00309084,0.0486871,0.0221392,0.0474799,0.0032863,0.0548009,0.0260372,0.053889,0.00302677,0.048278,0.029363,0.0674004,0.00349827,0.0525839,0.0316101,0.0697275,0.00424445,0.0671524,0.0317391,0.0554301,0.00328948,0.0373905,0.01644,0.0327181,0.00258232,0.0416203,0.0215477,0.0392209,0.00237087,0.0650091,0.0362074,0.0850894,0.00479995,0.075691,0.0362898,0.0745808,0.00409959,0.110679,0.0661343,0.160522,0.0101456,0.161838,0.0731406,0.124084,0.00687714
0.054563,0.0208657,0.105955,0.00818935,0.131066,0.0466722,0.0836793,0.00350078,0.216142,0.0982236,0.10582,0.00960778,0.165172,0.10938,0.180232,0.0130996,0.0886244,0.0362746,0.0817412,0.00516957,0.0823399,0.0402829,0.0964482,0.00563428,0.116794,0.0632535,0.106175,0.00358018,0.0543786,0.0255433,0.0893507,0.00718919,0.0802811,0.0335533,0.0616282,0.00481145,0.0764798,0.0364005,0.0714121,0.00509802,0.119263,0.0527527,0.0682212,0.00454957,0.0726929,0.0341348,0.0756694,0.0073659,0.124659,0.0606349,0.0790392,0.00557266,0.0912614,0.0462722,0.0822566,0.00757928,0.208813,0.113971,0.151775,0.00643023,0.10109,0.0409961,0.106156,0.0125566,0.223961,0.133952,0.223961,0.0201851,0.223961,0.159913,0.223961,0.0164621,0.0638791,0.0248852,0.0477101,0.00260083,0.0414434,0.0367602,0.0950985,0.00422824,0.0248953,0.0215963,0.0555794,0.00330454,0.0529254,0.0254113,0.0355657,0.00151346,0.0688547,0.0267409,0.0784404,0.00513154,0.0797349,0.0414855,0.0985426,0.0046085,0.0727788,0.0427045,0.0954534,0.00616148,0.0993289,0.0449434,0.0736078,0.00444712,0.0369311,0.0201012,0.0381098,0.00239179,0.0372394,0.0134124,0.0237463,0.00228471,0.0449814,0.0117855,0.0187044,0.00362815,0.0642672,0.0560949,0.0925254,0.00293695,0.0518904,0.0296799,0.0726811,0.00433717,0.0675768,0.026387,0.0500755,0.00326438,0.223961,0.132495,0.139401,0.00822898,0.135242,0.0974628,0.223961,0.0189338
0.124843,0.0814805,0.147891,0.0051048,0.0759697,0.0405123,0.110679,0.00778226,0.171916,0.097531,0.204723,0.00944521,0.143597,0.0649754,0.164633,0.0108822,0.0975907,0.042815,0.0685339,0.00477814,0.0801193,0.0513985,0.104042,0.00603683,0.181142,0.0896775,0.132375,0.00807553,0.135012,0.0869857,0.172848,0.0110697,0.191636,0.115549,0.204865,0.011134,0.174202,0.0854056,0.20115,0.0118875,0.0502926,0.0552319,0.162036,0.0103958,0.168869,0.0933624,0.123583,0.00310446,0.0750944,0.0294943,0.0531044,0.0055369,0.0908815,0.0440524,0.0679079,0.00468922,0.154864,0.100883,0.204865,0.0127801,0.196683,0.0413508,0.101695,0.00926128,0.158559,0.132318,0.194712,0.00505469,0.0855602,0.0649802,0.126214,0.008974,0.0708697,0.0519062,0.0992193,0.0044915,0.0707941,0.0362339,0.0663627,0.00429301,0.0358239,0.0151864,0.021122,0.00213865,0.0343836,0.0159499,0.0241666,0.00224313,0.0725487,0.0443133,0.0700649,0.00452395,0.0730812,0.0350632,0.0500954,0.00436891,0.0931223,0.0291391,0.0528251,0.00384675,0.0629121,0.0343605,0.0940069,0.00589829,0.0735579,0.0394876,0.0836458,0.0044035,0.0693602,0.0246305,0.0566247,0.00448627,0.0371256,0.0145691,0.0339697,0.00224236,0.0352276,0.0236651,0.0549811,0.00248507,0.0531466,0.0401201,0.0929004,0.00441339,0.0684491,0.0335082,0.0637044,0.00332271,0.0227446,0.0231799,0.051499,0.00238852,0.0367041,0.0117496,0.0135212,0.00132348
0.112811,0.060982,0.169293,0.00872877,0.13808,0.0653895,0.153285,0.00712663,0.199536,0.078579,0.0748213,0.00516858,0.0929809,0.104562,0.210062,0.0125028,0.159126,0.0745276,0.0873696,0.00541365,0.0902015,0.061545,0.129014,0.00977104,0.102849,0.0527828,0.0862887,0.00700324,0.114719,0.0610059,0.091698,0.00633055,0.100673,0.0462816,0.150611,0.00972256,0.152343,0.0534315,0.113965,0.00642247,0.137641,0.0708552,0.0821147,0.0047225,0.0776844,0.0411648,0.0796834,0.00827414,0.137915,0.0545715,0.0584215,0.00383994,0.0619588,0.0424486,0.108904,0.00867027,0.143814,0.0672194,0.126877,0.00641701,0.0995599,0.0336903,0.100676,0.00888768,0.210062,0.106409,0.178147,0.0163922,0.210062,0.163856,0.210062,0.0164499,0.0498318,0.021147,0.0582653,0.00372178,0.0595222,0.0326219,0.072687,0.00323442,0.033031,0.0277612,0.0577897,0.00244534,0.0386507,0.0154066,0.0262094,0.00191595,0.0306375,0.0129035,0.0534857,0.00344937,0.0538335,0.0215935,0.0485501,0.00203902,0.0924569,0.0514739,0.0707465,0.00350825,0.0546716,0.0198713,0.0421258,0.00557918,0.0846617,0.0343996,0.0451265,0.00175371,0.0276008,0.0186851,0.0691667,0.00529664,0.0250148,0.0108633,0.0279071,0.00352807,0.0597656,0.0428702,0.0604119,0.00166165,0.0721756,0.0426073,0.0695179,0.00394504,0.0622605,0.0221686,0.0364854,0.00433079,0.196005,0.13348,0.206929,0.0104814,0.169513,0.0843943,0.130278,0.0115838
0,0,0,0,0,0,0,0,0.140774,0.0938934,0.130938,0.0119746,0.208178,0.130602,0.140669,0.00802508,0.0473986,0.0332668,0.0691123,0.00895666,0.146507,0.0511291,0.00753804,0.00268058,0.108081,0.0681344,0.126713,0.00500287,0.0723753,0.0137773,0.0481993,0.00664188,0.183533,0.0752991,0.136877,0.00493317,0.0752355,0.00745543,0.102616,0.0111638,0.0132614,0.0204485,0.170111,0.00867568,0.129271,0.0108169,0.0338617,0.000932821,0.115197,0.0300815,0.0382234,0.00448914,0.0744511,0.0445539,0.10938,0.00735262,0.030001,0.0394379,0.209388,0.0167014,0.209388,0.119544,0.162863,0.00258187,0.209388,0.147101,0.203509,0.00801905,0.131523,0.0749868,0.191672,0.0162561,0.0831078,0.11671,0.209388,0.0114901,0.172003,0.0514777,0.055186,0.00480597,0.120072,0.0428384,0.0110554,0.00385376,0.0649441,0.0316459,0.0426644,0.00732843,0.0752039,0.0491469,0.0997565,0.00334443,0.0483658,0.0167279,0.058473,0.00468591,0.0725504,0.0189818,0.00344693,0.00105912,0.017742,0.0131651,0.0460329,0.00458261,0.0434641,0.0510479,0.0949113,0.00442817,0.0723402,0.031128,0.0241776,0.00227342,0.0936073,0.0293493,0.0649263,0.00370305,0.056498,0.0281109,0.0994334,0.00612376,0.191991,0.079299,0.0896494,0.0115981,0.19227,0.0791418,0.0890396,0.0115777,0.115283,0.0595721,0.115666,0.00535148,0.0820812,0.0118958,0.0486862,0.00691278
0.128539,0.0575076,0.0606587,0.00566694,0.0944645,0.0555682,0.0906582,0.00787928,0.130629,0.0807112,0.117721,0.00802159,0.133382,0.0941234,0.143151,0.00801493,0.0859423,0.0448653,0.0837739,0.00540478,0.0868137,0.047875,0.0892266,0.00538663,0.138088,0.0749081,0.157091,0.00708817,0.109912,0.0433016,0.118854,0.00852811,0.149648,0.0826686,0.201301,0.0122876,0.196719,0.0974313,0.196516,0.00938834,0.163735,0.0633938,0.0948275,0.00604133,0.0995237,0.0818021,0.19772,0.0104968,0.103591,0.0605105,0.142492,0.00679553,0.106981,0.0461245,0.108872,0.00638612,0.194965,0.0719922,0.114902,0.0100251,0.166179,0.108865,0.201301,0.0123941,0.126989,0.0477991,0.087721,0.00647686,0.103858,0.0745769,0.16712,0.00834342,0.0902633,0.0453466,0.0545943,0.00422809,0.0729242,0.0643128,0.111787,0.00561288,0.0831892,0.0268878,0.0761168,0.0056546,0.0884949,0.0235257,0.0637463,0.00526255,0.0907832,0.0414053,0.112367,0.00777707,0.121737,0.0407759,0.0800904,0.00573628,0.0975103,0.0262738,0.0293738,0.00428967,0.0717693,0.0427165,0.0896658,0.00619341,0.0534091,0.0270446,0.0738195,0.00568567,0.0930996,0.0493211,0.0809383,0.00336857,0.0830979,0.0256222,0.0397988,0.00364191,0.0625381,0.0395065,0.0895335,0.00517221,0.106518,0.0394754,0.0955477,0.00619504,0.0989708,0.0458184,0.116423,0.00677297,0.0560604,0.0188823,0.0375671,0.00251676,0.0398147,0.0198458,0.0558373,0.00359604
0,0,0,0,0,0,0,0,0.222292,0.123485,0.202916,0.0136448,0.213364,0.10146,0.222292,0.0180296,0.0657771,0.0381499,0.0726051,0.00708503,0.115204,0.0859865,0.123697,0.0044604,0.0760428,0.0497778,0.0749601,0.00486598,0.0826698,0.0614796,0.0929219,0.00458272,0.038634,0.0189483,0.105652,0.00994465,0.161245,0.0765565,0.104092,0.00264119,0.0602405,0.0284564,0.0616737,0.0042911,0.0702335,0.0528042,0.102842,0.00395098,0.033585,0.0587518,0.151274,0.00753976,0.116173,0.0354951,0.0198177,0.00181471,0.222292,0.130405,0.147894,0.0102106,0.156781,0.0495232,0.220265,0.025073,0.136515,0.138413,0.222292,0.0157889,0.222292,0.105409,0.175534,0.00794202,0.104052,0.0524656,0.0574838,0.010132,0.171558,0.0929972,0.0751469,0.00622543,0.0995205,0.0462006,0.0729152,0.00494467,0.077466,0.0237421,0.0477779,0.00610133,0.146377,0.0512735,0.0652343,0.00220348,0.0302664,0.00433289,0.0827093,0.00921856,0.0491048,0.0203138,0.0361329,0.001278,0.0208362,0.012042,0.04702,0.00302688,0.0371606,0.0185383,0.0430595,0.00435044,0.0696509,0.0293619,0.0333128,0.00235746,0.060398,0.0345187,0.0515442,0.00401576,0.0726885,0.060055,0.092913,0.0035402,0.173235,0.0509669,0.0638113,0.00272098,0.0439285,0.036565,0.162855,0.011025,0.0451236,0.00547489,0.00705645,0.00332073,0.0551955,0.0260044,0.0401231,0.00292586
0.115518,0.052683,0.111723,0.00695246,0.11004,0.0473549,0.106005,0.00724299,0.120626,0.0635663,0.114799,0.00743961,0.119847,0.0632487,0.114911,0.00748665,0.0825395,0.0425277,0.106823,0.00667488,0.105254,0.0467593,0.0930004,0.00523826,0.107545,0.0656148,0.123836,0.00650691,0.105252,0.0580204,0.110171,0.00655886,0.154854,0.0674691,0.127744,0.00851204,0.137564,0.0709555,0.15236,0.00969263,0.113393,0.0469665,0.0834559,0.00512672,0.0821795,0.0417865,0.103784,0.0071091,0.0658092,0.0298899,0.0498071,0.00322745,0.0523633,0.0290555,0.0614996,0.00409955,0.0516025,0.0217754,0.0481761,0.00397264,0.0674,0.0511766,0.0941589,0.00331697,0.21338,0.0983504,0.129777,0.00787436,0.126126,0.0676081,0.21338,0.0174453,0.157908,0.111867,0.21338,0.00951951,0.146083,0.0530624,0.110446,0.00953261,0.0624201,0.0309914,0.0624223,0.00402139,0.0645593,0.0326136,0.0636918,0.00390198,0.0268777,0.0146949,0.0296381,0.00180655,0.0291465,0.014994,0.0279977,0.00166145,0.0644485,0.0346435,0.0649343,0.00354862,0.0563421,0.0301946,0.0636923,0.00402317,0.0275841,0.0121318,0.022874,0.0014126,0.0224831,0.0115628,0.0267793,0.00174017,0.0387758,0.020229,0.0325213,0.00192168,0.0308238,0.0147959,0.0290569,0.00237332,0.21338,0.0741437,0.0295887,0.00323302,0.0586561,0.0794474,0.21338,0.0175464,0.194965,0.134838,0.21338,0.0142329,0.21338,0.0978473,0.205628,0.0122694
0.116926,0.0972414,0.198493,0.00674627,0.0997687,0.0358202,0.0865874,0.00707559,0.134097,0.0641723,0.128658,0.00828017,0.132015,0.0720793,0.147356,0.00851957,0.0694555,0.0333049,0.0671307,0.0034344,0.054069,0.0211041,0.0568798,0.00428637,0.0904848,0.0383246,0.0765416,0.00531554,0.0852761,0.044241,0.0941823,0.00573437,0.108685,0.0666252,0.122714,0.00537004,0.0852872,0.0496395,0.110419,0.00668594,0.0724278,0.0422115,0.0913554,0.00485021,0.0741426,0.0272706,0.0582455,0.00454365,0.0644277,0.0248257,0.0605857,0.00511241,0.0823115,0.0330269,0.0599349,0.00404453,0.0736656,0.0381234,0.084012,0.00519724,0.0834785,0.0525501,0.104514,0.00474015,0.107953,0.0696944,0.126656,0.00699614,0.11109,0.0479971,0.0779266,0.00650847,0.228697,0.187626,0.228697,0.00744747,0.116775,0.0854322,0.228697,0.0187573,0.0383899,0.0134195,0.0276299,0.001979,0.0319752,0.0192634,0.0463243,0.00247608,0.0158725,0.00881757,0.0191372,0.00107517,0.0168875,0.00804461,0.016498,0.00099849,0.044874,0.0276814,0.0518013,0.00288935,0.0456337,0.0205955,0.0361521,0.00274747,0.0166168,0.00781018,0.0137085,0.000796057,0.0130041,0.00883429,0.0194732,0.00104658,0.0529883,0.0273615,0.0526002,0.00323862,0.0511246,0.020755,0.0405818,0.00327524,0.167314,0.0331641,0.0663779,0.00596054,0.099902,0.106455,0.228697,0.0113386,0.228697,0.130973,0.228697,0.0192377,0.228697,0.147261,0.228697,0.0231809
0.117017,0.0973164,0.198646,0.00675147,0.0998457,0.0358478,0.0866542,0.00708105,0.134213,0.0657342,0.128758,0.00842614,0.134704,0.0732327,0.144023,0.00849121,0.0748325,0.0333306,0.0645744,0.00323726,0.0510231,0.0221316,0.0648514,0.00465533,0.0821638,0.0375018,0.0792087,0.00551942,0.0881958,0.0432716,0.0853007,0.00519823,0.114684,0.067529,0.12147,0.00523386,0.0833667,0.0501454,0.11626,0.00706468,0.0749585,0.0410808,0.0888073,0.004838,0.0741546,0.0274733,0.061018,0.00471414,0.060535,0.0244858,0.0614831,0.00515073,0.0829134,0.0336347,0.0583291,0.00380001,0.0776648,0.039675,0.0828461,0.00492894,0.0790931,0.0517151,0.106718,0.00499145,0.102701,0.0682357,0.13109,0.00725614,0.114764,0.0465724,0.0735058,0.00618275,0.22874,0.19355,0.22874,0.008226,0.128948,0.0832966,0.216795,0.0186571,0.0428266,0.0133845,0.0274752,0.00197311,0.0318863,0.0230674,0.058762,0.00281721,0.0136863,0.00842447,0.0188359,0.00108342,0.0170141,0.00769208,0.0139691,0.000855393,0.0453124,0.0270775,0.0519051,0.00289157,0.0456689,0.0209731,0.0387216,0.00278892,0.0184509,0.00888674,0.0141473,0.00075947,0.0123446,0.00832003,0.0190628,0.00115309,0.0492562,0.0263301,0.0504577,0.00305021,0.0482258,0.020614,0.039477,0.00304367,0.164018,0.0318691,0.06373,0.00616929,0.103587,0.105703,0.22874,0.011096,0.22874,0.127668,0.22874,0.0185037,0.22874,0.147295,0.22874,0.0234584
0.0568315,0.0229289,0.0619547,0.00403682,0.0647225,0.0292771,0.067403,0.00360107,0.115231,0.0617779,0.152729,0.0111481,0.180015,0.093085,0.15373,0.00730044,0.0723686,0.022777,0.0368636,0.00163859,0.0261282,0.0243257,0.0863585,0.00469508,0.0507582,0.0267548,0.0464193,0.00262966,0.0431064,0.0312182,0.0634499,0.00319006,0.0530344,0.0279372,0.0607126,0.00611437,0.098543,0.0364546,0.0331015,0.0032366,0.0602792,0.036067,0.0637337,0.00291166,0.0467296,0.0302625,0.0650863,0.00372604,0.0728715,0.0230067,0.048218,0.00445594,0.0726546,0.0351437,0.0739383,0.00462774,0.167256,0.126398,0.198749,0.00573058,0.0828263,0.0286326,0.0777464,0.0100055,0.107589,0.0350467,0.0691523,0.00879323,0.148733,0.142005,0.252759,0.00748,0.221942,0.039321,0.0487685,0.0102329,0.175189,0.214678,0.271053,0.0155793,0.11969,0.047173,0.0352856,0.00151136,0.0258243,0.0202303,0.072537,0.00732532,0.0147795,0.00614396,0.0113496,0.000523398,0.00811117,0.00646834,0.0186995,0.000965487,0.0385994,0.017613,0.0237595,0.00143176,0.022474,0.0100961,0.0240897,0.00239306,0.0141891,0.00832579,0.0128183,0.00149587,0.0254038,0.0147408,0.0150832,0.000842721,0.080335,0.040562,0.049842,0.00300446,0.0500622,0.0282353,0.0542129,0.0048323,0.271053,0.0580718,0.0351152,0.00181423,0.0295373,0.0599872,0.271053,0.0302574,0.271053,0.0822775,0.065039,0.000173708,0,0.0732451,0.271053,0.0330199
0.0568315,0.0229289,0.0619547,0.00403682,0.0647225,0.0292771,0.067403,0.00360107,0.115231,0.0617779,0.152729,0.0111481,0.180015,0.093085,0.15373,0.00730044,0.0723686,0.022777,0.0368636,0.00163859,0.0261282,0.0243257,0.0863585,0.00469508,0.0507582,0.0267548,0.0464193,0.00262966,0.0431064,0.0312182,0.0634499,0.00319006,0.0530344,0.0279372,0.0607126,0.00611437,0.098543,0.0364546,0.0331015,0.0032366,0.0602792,0.036067,0.0637337,0.00291166,0.0467296,0.0302625,0.0650863,0.00372604,0.0728715,0.0230067,0.048218,0.00445594,0.0726546,0.0351437,0.0739383,0.00462774,0.167256,0.126398,0.198749,0.00573058,0.0828263,0.0286326,0.0777464,0.0100055,0.107589,0.0350467,0.0691523,0.00879323,0.148733,0.142005,0.252759,0.00748,0.221942,0.039321,0.0487685,0.0102329,0.175189,0.214678,0.271053,0.0155793,0.11969,0.047173,0.0352856,0.00151136,0.0258243,0.0202303,0.072537,0.00732532,0.0147795,0.00614396,0.0113496,0.000523398,0.00811117,0.00646834,0.0186995,0.000965487,0.0385994,0.017613,0.0237595,0.00143176,0.022474,0.0100961,0.0240897,0.00239306,0.0141891,0.00832579,0.0128183,0.00149587,0.0254038,0.0147408,0.0150832,0.000842721,0.080335,0.040562,0.049842,0.00300446,0.0500622,0.0282353,0.0542129,0.0048323,0.271053,0.0580718,0.0351152,0.00181423,0.0295373,0.0599872,0.271053,0.0302574,0.271053,0.0822775,0.065039,0.000173708,0,0.0732451,0.271053,0.0330199
